{
  "type": "FeatureCollection",
  "features": [
    {
      "type": "Feature",
      "geometry": {
        "type": "Point",
        "coordinates": [
          -122.65502423608585,
          45.47954876865462
        ]
      },
      "properties": {
        "id": 1,
        "species": "Bigleaf Maple",
        "condition": "Excellent",
        "neighborhood": "Sellwood",
        "address": "1000 Portland Ave",
        "diameter": 7.0,
        "diameter_bucket": "6-12 in"
      }
    },
    {
      "type": "Feature",
      "geometry": {
        "type": "Point",
        "coordinates": [
          -122.64266710248457,
          45.47078691214168
        ]
      },
      "properties": {
        "id": 2,
        "species": "Douglas Fir",
        "condition": "Excellent",
        "neighborhood": "Sellwood",
        "address": "1001 Portland Ave",
        "diameter": 7.0,
        "diameter_bucket": "6-12 in"
      }
    },
    {
      "type": "Feature",
      "geometry": {
        "type": "Point",
        "coordinates": [
          -122.60122408799695,
          45.5100361316329
        ]
      },
      "properties": {
        "id": 3,
        "species": "Western Red Cedar",
        "condition": "Poor",
        "neighborhood": "Montavilla",
        "address": "1002 Portland Ave",
        "diameter": 4.0,
        "diameter_bucket": "<6 in"
      }
    },
    {
      "type": "Feature",
      "geometry": {
        "type": "Point",
        "coordinates": [
          -122.69486497802244,
          45.54793879281698
        ]
      },
      "properties": {
        "id": 4,
        "species": "Western Red Cedar",
        "condition": "Excellent",
        "neighborhood": "Northwest",
        "address": "1003 Portland Ave",
        "diameter": 30.0,
        "diameter_bucket": "24+ in"
      }
    },
    {
      "type": "Feature",
      "geometry": {
        "type": "Point",
        "coordinates": [
          -122.68738201566518,
          45.53453012253423
        ]
      },
      "properties": {
        "id": 5,
        "species": "Douglas Fir",
        "condition": "Fair",
        "neighborhood": "Downtown",
        "address": "1004 Portland Ave",
        "diameter": 30.0,
        "diameter_bucket": "24+ in"
      }
    },
    {
      "type": "Feature",
      "geometry": {
        "type": "Point",
        "coordinates": [
          -122.63829807144847,
          45.51697646125277
        ]
      },
      "properties": {
        "id": 6,
        "species": "Western Red Cedar",
        "condition": "Good",
        "neighborhood": "Buckman",
        "address": "1005 Portland Ave",
        "diameter": 7.0,
        "diameter_bucket": "6-12 in"
      }
    },
    {
      "type": "Feature",
      "geometry": {
        "type": "Point",
        "coordinates": [
          -122.67035413282296,
          45.49443754102542
        ]
      },
      "properties": {
        "id": 7,
        "species": "Bigleaf Maple",
        "condition": "Excellent",
        "neighborhood": "Lair Hill",
        "address": "1006 Portland Ave",
        "diameter": 14.0,
        "diameter_bucket": "12-24 in"
      }
    },
    {
      "type": "Feature",
      "geometry": {
        "type": "Point",
        "coordinates": [
          -122.70673778466393,
          45.57432959935636
        ]
      },
      "properties": {
        "id": 8,
        "species": "Red Oak",
        "condition": "Poor",
        "neighborhood": "St. Johns",
        "address": "1007 Portland Ave",
        "diameter": null,
        "diameter_bucket": "Unknown"
      }
    },
    {
      "type": "Feature",
      "geometry": {
        "type": "Point",
        "coordinates": [
          -122.64543489244346,
          45.46399440792473
        ]
      },
      "properties": {
        "id": 9,
        "species": "Dogwood",
        "condition": "Good",
        "neighborhood": "Sellwood",
        "address": "1008 Portland Ave",
        "diameter": 7.0,
        "diameter_bucket": "6-12 in"
      }
    },
    {
      "type": "Feature",
      "geometry": {
        "type": "Point",
        "coordinates": [
          -122.61849670010623,
          45.55960471609147
        ]
      },
      "properties": {
        "id": 10,
        "species": "Dogwood",
        "condition": "Poor",
        "neighborhood": "Alberta Arts",
        "address": "1009 Portland Ave",
        "diameter": 18.0,
        "diameter_bucket": "12-24 in"
      }
    },
    {
      "type": "Feature",
      "geometry": {
        "type": "Point",
        "coordinates": [
          -122.69996505227715,
          45.52803357867812
        ]
      },
      "properties": {
        "id": 11,
        "species": "Red Oak",
        "condition": "Good",
        "neighborhood": "Northwest",
        "address": "1010 Portland Ave",
        "diameter": null,
        "diameter_bucket": "Unknown"
      }
    },
    {
      "type": "Feature",
      "geometry": {
        "type": "Point",
        "coordinates": [
          -122.59096281944318,
          45.50094097416914
        ]
      },
      "properties": {
        "id": 12,
        "species": "Western Red Cedar",
        "condition": "Fair",
        "neighborhood": "Montavilla",
        "address": "1011 Portland Ave",
        "diameter": 24.0,
        "diameter_bucket": "24+ in"
      }
    },
    {
      "type": "Feature",
      "geometry": {
        "type": "Point",
        "coordinates": [
          -122.65058251509723,
          45.47106487705052
        ]
      },
      "properties": {
        "id": 13,
        "species": "Cherry",
        "condition": "Excellent",
        "neighborhood": "Sellwood",
        "address": "1012 Portland Ave",
        "diameter": 7.0,
        "diameter_bucket": "6-12 in"
      }
    },
    {
      "type": "Feature",
      "geometry": {
        "type": "Point",
        "coordinates": [
          -122.6235603470686,
          45.55837836009807
        ]
      },
      "properties": {
        "id": 14,
        "species": "Bigleaf Maple",
        "condition": "Fair",
        "neighborhood": "Alberta Arts",
        "address": "1013 Portland Ave",
        "diameter": null,
        "diameter_bucket": "Unknown"
      }
    },
    {
      "type": "Feature",
      "geometry": {
        "type": "Point",
        "coordinates": [
          -122.61821103298628,
          45.56419906706556
        ]
      },
      "properties": {
        "id": 15,
        "species": "Red Oak",
        "condition": "Excellent",
        "neighborhood": "Alberta Arts",
        "address": "1014 Portland Ave",
        "diameter": null,
        "diameter_bucket": "Unknown"
      }
    },
    {
      "type": "Feature",
      "geometry": {
        "type": "Point",
        "coordinates": [
          -122.66168970093244,
          45.46083316109376
        ]
      },
      "properties": {
        "id": 16,
        "species": "Bigleaf Maple",
        "condition": "Good",
        "neighborhood": "Sellwood",
        "address": "1015 Portland Ave",
        "diameter": 18.0,
        "diameter_bucket": "12-24 in"
      }
    },
    {
      "type": "Feature",
      "geometry": {
        "type": "Point",
        "coordinates": [
          -122.6424504557149,
          45.52172072111027
        ]
      },
      "properties": {
        "id": 17,
        "species": "Cherry",
        "condition": "Excellent",
        "neighborhood": "Buckman",
        "address": "1016 Portland Ave",
        "diameter": 10.0,
        "diameter_bucket": "6-12 in"
      }
    },
    {
      "type": "Feature",
      "geometry": {
        "type": "Point",
        "coordinates": [
          -122.71033186086117,
          45.56763946215202
        ]
      },
      "properties": {
        "id": 18,
        "species": "Douglas Fir",
        "condition": "Poor",
        "neighborhood": "St. Johns",
        "address": "1017 Portland Ave",
        "diameter": 18.0,
        "diameter_bucket": "12-24 in"
      }
    },
    {
      "type": "Feature",
      "geometry": {
        "type": "Point",
        "coordinates": [
          -122.5906146465747,
          45.52367520994403
        ]
      },
      "properties": {
        "id": 19,
        "species": "Cherry",
        "condition": "Good",
        "neighborhood": "Montavilla",
        "address": "1018 Portland Ave",
        "diameter": 10.0,
        "diameter_bucket": "6-12 in"
      }
    },
    {
      "type": "Feature",
      "geometry": {
        "type": "Point",
        "coordinates": [
          -122.70443303519633,
          45.52942922548377
        ]
      },
      "properties": {
        "id": 20,
        "species": "Douglas Fir",
        "condition": "Excellent",
        "neighborhood": "Northwest",
        "address": "1019 Portland Ave",
        "diameter": null,
        "diameter_bucket": "Unknown"
      }
    },
    {
      "type": "Feature",
      "geometry": {
        "type": "Point",
        "coordinates": [
          -122.65190175351876,
          45.51030591886316
        ]
      },
      "properties": {
        "id": 21,
        "species": "Cherry",
        "condition": "Fair",
        "neighborhood": "Buckman",
        "address": "1020 Portland Ave",
        "diameter": 24.0,
        "diameter_bucket": "24+ in"
      }
    },
    {
      "type": "Feature",
      "geometry": {
        "type": "Point",
        "coordinates": [
          -122.6396282056063,
          45.520571847771265
        ]
      },
      "properties": {
        "id": 22,
        "species": "Western Red Cedar",
        "condition": "Excellent",
        "neighborhood": "Buckman",
        "address": "1021 Portland Ave",
        "diameter": null,
        "diameter_bucket": "Unknown"
      }
    },
    {
      "type": "Feature",
      "geometry": {
        "type": "Point",
        "coordinates": [
          -122.5975411196166,
          45.50955367113334
        ]
      },
      "properties": {
        "id": 23,
        "species": "Cherry",
        "condition": "Poor",
        "neighborhood": "Montavilla",
        "address": "1022 Portland Ave",
        "diameter": 4.0,
        "diameter_bucket": "<6 in"
      }
    },
    {
      "type": "Feature",
      "geometry": {
        "type": "Point",
        "coordinates": [
          -122.67848968354929,
          45.48711634278023
        ]
      },
      "properties": {
        "id": 24,
        "species": "Douglas Fir",
        "condition": "Excellent",
        "neighborhood": "Lair Hill",
        "address": "1023 Portland Ave",
        "diameter": 24.0,
        "diameter_bucket": "24+ in"
      }
    },
    {
      "type": "Feature",
      "geometry": {
        "type": "Point",
        "coordinates": [
          -122.67489719340482,
          45.5135571103454
        ]
      },
      "properties": {
        "id": 25,
        "species": "Western Red Cedar",
        "condition": "Excellent",
        "neighborhood": "Downtown",
        "address": "1024 Portland Ave",
        "diameter": 24.0,
        "diameter_bucket": "24+ in"
      }
    },
    {
      "type": "Feature",
      "geometry": {
        "type": "Point",
        "coordinates": [
          -122.68350913561332,
          45.51278757382768
        ]
      },
      "properties": {
        "id": 26,
        "species": "Cherry",
        "condition": "Good",
        "neighborhood": "Downtown",
        "address": "1025 Portland Ave",
        "diameter": 18.0,
        "diameter_bucket": "12-24 in"
      }
    },
    {
      "type": "Feature",
      "geometry": {
        "type": "Point",
        "coordinates": [
          -122.65312036488244,
          45.47125470053509
        ]
      },
      "properties": {
        "id": 27,
        "species": "Bigleaf Maple",
        "condition": "Poor",
        "neighborhood": "Sellwood",
        "address": "1026 Portland Ave",
        "diameter": null,
        "diameter_bucket": "Unknown"
      }
    },
    {
      "type": "Feature",
      "geometry": {
        "type": "Point",
        "coordinates": [
          -122.71493876812265,
          45.56961203175399
        ]
      },
      "properties": {
        "id": 28,
        "species": "Bigleaf Maple",
        "condition": "Fair",
        "neighborhood": "St. Johns",
        "address": "1027 Portland Ave",
        "diameter": 18.0,
        "diameter_bucket": "12-24 in"
      }
    },
    {
      "type": "Feature",
      "geometry": {
        "type": "Point",
        "coordinates": [
          -122.71312547334736,
          45.577892529074916
        ]
      },
      "properties": {
        "id": 29,
        "species": "Bigleaf Maple",
        "condition": "Good",
        "neighborhood": "St. Johns",
        "address": "1028 Portland Ave",
        "diameter": 24.0,
        "diameter_bucket": "24+ in"
      }
    },
    {
      "type": "Feature",
      "geometry": {
        "type": "Point",
        "coordinates": [
          -122.63006050121301,
          45.5205616220611
        ]
      },
      "properties": {
        "id": 30,
        "species": "Western Red Cedar",
        "condition": "Fair",
        "neighborhood": "Buckman",
        "address": "1029 Portland Ave",
        "diameter": 7.0,
        "diameter_bucket": "6-12 in"
      }
    },
    {
      "type": "Feature",
      "geometry": {
        "type": "Point",
        "coordinates": [
          -122.61770179495208,
          45.559441524571184
        ]
      },
      "properties": {
        "id": 31,
        "species": "Red Oak",
        "condition": "Good",
        "neighborhood": "Alberta Arts",
        "address": "1030 Portland Ave",
        "diameter": 24.0,
        "diameter_bucket": "24+ in"
      }
    },
    {
      "type": "Feature",
      "geometry": {
        "type": "Point",
        "coordinates": [
          -122.6645784176615,
          45.500217477347526
        ]
      },
      "properties": {
        "id": 32,
        "species": "Douglas Fir",
        "condition": "Good",
        "neighborhood": "Lair Hill",
        "address": "1031 Portland Ave",
        "diameter": 30.0,
        "diameter_bucket": "24+ in"
      }
    },
    {
      "type": "Feature",
      "geometry": {
        "type": "Point",
        "coordinates": [
          -122.67167323577006,
          45.49029803160148
        ]
      },
      "properties": {
        "id": 33,
        "species": "Dogwood",
        "condition": "Excellent",
        "neighborhood": "Lair Hill",
        "address": "1032 Portland Ave",
        "diameter": 4.0,
        "diameter_bucket": "<6 in"
      }
    },
    {
      "type": "Feature",
      "geometry": {
        "type": "Point",
        "coordinates": [
          -122.63485252129568,
          45.55833376149997
        ]
      },
      "properties": {
        "id": 34,
        "species": "Western Red Cedar",
        "condition": "Fair",
        "neighborhood": "Alberta Arts",
        "address": "1033 Portland Ave",
        "diameter": null,
        "diameter_bucket": "Unknown"
      }
    },
    {
      "type": "Feature",
      "geometry": {
        "type": "Point",
        "coordinates": [
          -122.65574873875131,
          45.47972001515171
        ]
      },
      "properties": {
        "id": 35,
        "species": "Douglas Fir",
        "condition": "Excellent",
        "neighborhood": "Sellwood",
        "address": "1034 Portland Ave",
        "diameter": 14.0,
        "diameter_bucket": "12-24 in"
      }
    },
    {
      "type": "Feature",
      "geometry": {
        "type": "Point",
        "coordinates": [
          -122.71209503928137,
          45.56272094792207
        ]
      },
      "properties": {
        "id": 36,
        "species": "Western Red Cedar",
        "condition": "Excellent",
        "neighborhood": "St. Johns",
        "address": "1035 Portland Ave",
        "diameter": null,
        "diameter_bucket": "Unknown"
      }
    },
    {
      "type": "Feature",
      "geometry": {
        "type": "Point",
        "coordinates": [
          -122.6624653163252,
          45.475991449876396
        ]
      },
      "properties": {
        "id": 37,
        "species": "Dogwood",
        "condition": "Excellent",
        "neighborhood": "Sellwood",
        "address": "1036 Portland Ave",
        "diameter": 30.0,
        "diameter_bucket": "24+ in"
      }
    },
    {
      "type": "Feature",
      "geometry": {
        "type": "Point",
        "coordinates": [
          -122.67921547875989,
          45.496972785870256
        ]
      },
      "properties": {
        "id": 38,
        "species": "Dogwood",
        "condition": "Fair",
        "neighborhood": "Lair Hill",
        "address": "1037 Portland Ave",
        "diameter": 7.0,
        "diameter_bucket": "6-12 in"
      }
    },
    {
      "type": "Feature",
      "geometry": {
        "type": "Point",
        "coordinates": [
          -122.58915953494069,
          45.511115852964174
        ]
      },
      "properties": {
        "id": 39,
        "species": "Bigleaf Maple",
        "condition": "Good",
        "neighborhood": "Montavilla",
        "address": "1038 Portland Ave",
        "diameter": 10.0,
        "diameter_bucket": "6-12 in"
      }
    },
    {
      "type": "Feature",
      "geometry": {
        "type": "Point",
        "coordinates": [
          -122.637820504742,
          45.50466117241701
        ]
      },
      "properties": {
        "id": 40,
        "species": "Cherry",
        "condition": "Good",
        "neighborhood": "Buckman",
        "address": "1039 Portland Ave",
        "diameter": null,
        "diameter_bucket": "Unknown"
      }
    },
    {
      "type": "Feature",
      "geometry": {
        "type": "Point",
        "coordinates": [
          -122.6513411465649,
          45.460541898217556
        ]
      },
      "properties": {
        "id": 41,
        "species": "Bigleaf Maple",
        "condition": "Excellent",
        "neighborhood": "Sellwood",
        "address": "1040 Portland Ave",
        "diameter": 7.0,
        "diameter_bucket": "6-12 in"
      }
    },
    {
      "type": "Feature",
      "geometry": {
        "type": "Point",
        "coordinates": [
          -122.63107816972826,
          45.51441142648218
        ]
      },
      "properties": {
        "id": 42,
        "species": "Douglas Fir",
        "condition": "Excellent",
        "neighborhood": "Buckman",
        "address": "1041 Portland Ave",
        "diameter": 18.0,
        "diameter_bucket": "12-24 in"
      }
    },
    {
      "type": "Feature",
      "geometry": {
        "type": "Point",
        "coordinates": [
          -122.6777270545786,
          45.492531199664086
        ]
      },
      "properties": {
        "id": 43,
        "species": "Western Red Cedar",
        "condition": "Fair",
        "neighborhood": "Lair Hill",
        "address": "1042 Portland Ave",
        "diameter": 18.0,
        "diameter_bucket": "12-24 in"
      }
    },
    {
      "type": "Feature",
      "geometry": {
        "type": "Point",
        "coordinates": [
          -122.6055382914108,
          45.520020679914545
        ]
      },
      "properties": {
        "id": 44,
        "species": "Dogwood",
        "condition": "Fair",
        "neighborhood": "Montavilla",
        "address": "1043 Portland Ave",
        "diameter": null,
        "diameter_bucket": "Unknown"
      }
    },
    {
      "type": "Feature",
      "geometry": {
        "type": "Point",
        "coordinates": [
          -122.58592394927115,
          45.519851352378915
        ]
      },
      "properties": {
        "id": 45,
        "species": "Douglas Fir",
        "condition": "Good",
        "neighborhood": "Montavilla",
        "address": "1044 Portland Ave",
        "diameter": 4.0,
        "diameter_bucket": "<6 in"
      }
    },
    {
      "type": "Feature",
      "geometry": {
        "type": "Point",
        "coordinates": [
          -122.70239468866517,
          45.576636147770245
        ]
      },
      "properties": {
        "id": 46,
        "species": "Douglas Fir",
        "condition": "Good",
        "neighborhood": "St. Johns",
        "address": "1045 Portland Ave",
        "diameter": 10.0,
        "diameter_bucket": "6-12 in"
      }
    },
    {
      "type": "Feature",
      "geometry": {
        "type": "Point",
        "coordinates": [
          -122.71411192133013,
          45.57285842974041
        ]
      },
      "properties": {
        "id": 47,
        "species": "Bigleaf Maple",
        "condition": "Fair",
        "neighborhood": "St. Johns",
        "address": "1046 Portland Ave",
        "diameter": null,
        "diameter_bucket": "Unknown"
      }
    },
    {
      "type": "Feature",
      "geometry": {
        "type": "Point",
        "coordinates": [
          -122.70863625831929,
          45.54639746754651
        ]
      },
      "properties": {
        "id": 48,
        "species": "Douglas Fir",
        "condition": "Fair",
        "neighborhood": "Northwest",
        "address": "1047 Portland Ave",
        "diameter": 4.0,
        "diameter_bucket": "<6 in"
      }
    },
    {
      "type": "Feature",
      "geometry": {
        "type": "Point",
        "coordinates": [
          -122.69651849472024,
          45.537385135803014
        ]
      },
      "properties": {
        "id": 49,
        "species": "Bigleaf Maple",
        "condition": "Poor",
        "neighborhood": "Northwest",
        "address": "1048 Portland Ave",
        "diameter": 24.0,
        "diameter_bucket": "24+ in"
      }
    },
    {
      "type": "Feature",
      "geometry": {
        "type": "Point",
        "coordinates": [
          -122.67264370098563,
          45.50212554406116
        ]
      },
      "properties": {
        "id": 50,
        "species": "Western Red Cedar",
        "condition": "Poor",
        "neighborhood": "Lair Hill",
        "address": "1049 Portland Ave",
        "diameter": 14.0,
        "diameter_bucket": "12-24 in"
      }
    },
    {
      "type": "Feature",
      "geometry": {
        "type": "Point",
        "coordinates": [
          -122.61807388139785,
          45.56914682112208
        ]
      },
      "properties": {
        "id": 51,
        "species": "Douglas Fir",
        "condition": "Poor",
        "neighborhood": "Alberta Arts",
        "address": "1050 Portland Ave",
        "diameter": 10.0,
        "diameter_bucket": "6-12 in"
      }
    },
    {
      "type": "Feature",
      "geometry": {
        "type": "Point",
        "coordinates": [
          -122.5963891658814,
          45.502918926905224
        ]
      },
      "properties": {
        "id": 52,
        "species": "Bigleaf Maple",
        "condition": "Good",
        "neighborhood": "Montavilla",
        "address": "1051 Portland Ave",
        "diameter": 30.0,
        "diameter_bucket": "24+ in"
      }
    },
    {
      "type": "Feature",
      "geometry": {
        "type": "Point",
        "coordinates": [
          -122.70273327819396,
          45.530304555190106
        ]
      },
      "properties": {
        "id": 53,
        "species": "Bigleaf Maple",
        "condition": "Good",
        "neighborhood": "Northwest",
        "address": "1052 Portland Ave",
        "diameter": 24.0,
        "diameter_bucket": "24+ in"
      }
    },
    {
      "type": "Feature",
      "geometry": {
        "type": "Point",
        "coordinates": [
          -122.64870588952883,
          45.51007458809903
        ]
      },
      "properties": {
        "id": 54,
        "species": "Cherry",
        "condition": "Good",
        "neighborhood": "Buckman",
        "address": "1053 Portland Ave",
        "diameter": 7.0,
        "diameter_bucket": "6-12 in"
      }
    },
    {
      "type": "Feature",
      "geometry": {
        "type": "Point",
        "coordinates": [
          -122.60309291589441,
          45.52123838910233
        ]
      },
      "properties": {
        "id": 55,
        "species": "Dogwood",
        "condition": "Good",
        "neighborhood": "Montavilla",
        "address": "1054 Portland Ave",
        "diameter": 10.0,
        "diameter_bucket": "6-12 in"
      }
    },
    {
      "type": "Feature",
      "geometry": {
        "type": "Point",
        "coordinates": [
          -122.5973085659732,
          45.52385774269979
        ]
      },
      "properties": {
        "id": 56,
        "species": "Cherry",
        "condition": "Good",
        "neighborhood": "Montavilla",
        "address": "1055 Portland Ave",
        "diameter": 24.0,
        "diameter_bucket": "24+ in"
      }
    },
    {
      "type": "Feature",
      "geometry": {
        "type": "Point",
        "coordinates": [
          -122.65571713965784,
          45.45901265662709
        ]
      },
      "properties": {
        "id": 57,
        "species": "Red Oak",
        "condition": "Poor",
        "neighborhood": "Sellwood",
        "address": "1056 Portland Ave",
        "diameter": null,
        "diameter_bucket": "Unknown"
      }
    },
    {
      "type": "Feature",
      "geometry": {
        "type": "Point",
        "coordinates": [
          -122.67608158744146,
          45.520324269389775
        ]
      },
      "properties": {
        "id": 58,
        "species": "Red Oak",
        "condition": "Excellent",
        "neighborhood": "Downtown",
        "address": "1057 Portland Ave",
        "diameter": 7.0,
        "diameter_bucket": "6-12 in"
      }
    },
    {
      "type": "Feature",
      "geometry": {
        "type": "Point",
        "coordinates": [
          -122.68098528973745,
          45.50882070300753
        ]
      },
      "properties": {
        "id": 59,
        "species": "Red Oak",
        "condition": "Fair",
        "neighborhood": "Lair Hill",
        "address": "1058 Portland Ave",
        "diameter": 4.0,
        "diameter_bucket": "<6 in"
      }
    },
    {
      "type": "Feature",
      "geometry": {
        "type": "Point",
        "coordinates": [
          -122.64889066657666,
          45.51049070634051
        ]
      },
      "properties": {
        "id": 60,
        "species": "Cherry",
        "condition": "Fair",
        "neighborhood": "Buckman",
        "address": "1059 Portland Ave",
        "diameter": 30.0,
        "diameter_bucket": "24+ in"
      }
    },
    {
      "type": "Feature",
      "geometry": {
        "type": "Point",
        "coordinates": [
          -122.63964521713783,
          45.51687837337002
        ]
      },
      "properties": {
        "id": 61,
        "species": "Cherry",
        "condition": "Fair",
        "neighborhood": "Buckman",
        "address": "1060 Portland Ave",
        "diameter": 7.0,
        "diameter_bucket": "6-12 in"
      }
    },
    {
      "type": "Feature",
      "geometry": {
        "type": "Point",
        "coordinates": [
          -122.62298306628763,
          45.54838063629858
        ]
      },
      "properties": {
        "id": 62,
        "species": "Cherry",
        "condition": "Excellent",
        "neighborhood": "Alberta Arts",
        "address": "1061 Portland Ave",
        "diameter": 18.0,
        "diameter_bucket": "12-24 in"
      }
    },
    {
      "type": "Feature",
      "geometry": {
        "type": "Point",
        "coordinates": [
          -122.66926091380229,
          45.52632654815112
        ]
      },
      "properties": {
        "id": 63,
        "species": "Bigleaf Maple",
        "condition": "Good",
        "neighborhood": "Downtown",
        "address": "1062 Portland Ave",
        "diameter": 7.0,
        "diameter_bucket": "6-12 in"
      }
    },
    {
      "type": "Feature",
      "geometry": {
        "type": "Point",
        "coordinates": [
          -122.62860943549664,
          45.56770659925729
        ]
      },
      "properties": {
        "id": 64,
        "species": "Red Oak",
        "condition": "Poor",
        "neighborhood": "Alberta Arts",
        "address": "1063 Portland Ave",
        "diameter": 18.0,
        "diameter_bucket": "12-24 in"
      }
    },
    {
      "type": "Feature",
      "geometry": {
        "type": "Point",
        "coordinates": [
          -122.63497111876515,
          45.505036936556145
        ]
      },
      "properties": {
        "id": 65,
        "species": "Bigleaf Maple",
        "condition": "Good",
        "neighborhood": "Buckman",
        "address": "1064 Portland Ave",
        "diameter": 18.0,
        "diameter_bucket": "12-24 in"
      }
    },
    {
      "type": "Feature",
      "geometry": {
        "type": "Point",
        "coordinates": [
          -122.66612607467556,
          45.51544750322135
        ]
      },
      "properties": {
        "id": 66,
        "species": "Dogwood",
        "condition": "Fair",
        "neighborhood": "Downtown",
        "address": "1065 Portland Ave",
        "diameter": 14.0,
        "diameter_bucket": "12-24 in"
      }
    },
    {
      "type": "Feature",
      "geometry": {
        "type": "Point",
        "coordinates": [
          -122.62336822721161,
          45.557696484953176
        ]
      },
      "properties": {
        "id": 67,
        "species": "Red Oak",
        "condition": "Fair",
        "neighborhood": "Alberta Arts",
        "address": "1066 Portland Ave",
        "diameter": 4.0,
        "diameter_bucket": "<6 in"
      }
    },
    {
      "type": "Feature",
      "geometry": {
        "type": "Point",
        "coordinates": [
          -122.63905758647923,
          45.54788678443706
        ]
      },
      "properties": {
        "id": 68,
        "species": "Western Red Cedar",
        "condition": "Good",
        "neighborhood": "Alberta Arts",
        "address": "1067 Portland Ave",
        "diameter": null,
        "diameter_bucket": "Unknown"
      }
    },
    {
      "type": "Feature",
      "geometry": {
        "type": "Point",
        "coordinates": [
          -122.68094924771934,
          45.50793142815478
        ]
      },
      "properties": {
        "id": 69,
        "species": "Dogwood",
        "condition": "Poor",
        "neighborhood": "Lair Hill",
        "address": "1068 Portland Ave",
        "diameter": null,
        "diameter_bucket": "Unknown"
      }
    },
    {
      "type": "Feature",
      "geometry": {
        "type": "Point",
        "coordinates": [
          -122.59961320680003,
          45.52328749755144
        ]
      },
      "properties": {
        "id": 70,
        "species": "Douglas Fir",
        "condition": "Good",
        "neighborhood": "Montavilla",
        "address": "1069 Portland Ave",
        "diameter": 24.0,
        "diameter_bucket": "24+ in"
      }
    },
    {
      "type": "Feature",
      "geometry": {
        "type": "Point",
        "coordinates": [
          -122.66653859036049,
          45.50547487703835
        ]
      },
      "properties": {
        "id": 71,
        "species": "Dogwood",
        "condition": "Good",
        "neighborhood": "Lair Hill",
        "address": "1070 Portland Ave",
        "diameter": 30.0,
        "diameter_bucket": "24+ in"
      }
    },
    {
      "type": "Feature",
      "geometry": {
        "type": "Point",
        "coordinates": [
          -122.64441227988068,
          45.4803651663639
        ]
      },
      "properties": {
        "id": 72,
        "species": "Bigleaf Maple",
        "condition": "Excellent",
        "neighborhood": "Sellwood",
        "address": "1071 Portland Ave",
        "diameter": 18.0,
        "diameter_bucket": "12-24 in"
      }
    },
    {
      "type": "Feature",
      "geometry": {
        "type": "Point",
        "coordinates": [
          -122.60497236305501,
          45.503917916486635
        ]
      },
      "properties": {
        "id": 73,
        "species": "Cherry",
        "condition": "Fair",
        "neighborhood": "Montavilla",
        "address": "1072 Portland Ave",
        "diameter": 14.0,
        "diameter_bucket": "12-24 in"
      }
    },
    {
      "type": "Feature",
      "geometry": {
        "type": "Point",
        "coordinates": [
          -122.63505155131384,
          45.548085699819225
        ]
      },
      "properties": {
        "id": 74,
        "species": "Red Oak",
        "condition": "Poor",
        "neighborhood": "Alberta Arts",
        "address": "1073 Portland Ave",
        "diameter": 4.0,
        "diameter_bucket": "<6 in"
      }
    },
    {
      "type": "Feature",
      "geometry": {
        "type": "Point",
        "coordinates": [
          -122.63160577196372,
          45.55573939245256
        ]
      },
      "properties": {
        "id": 75,
        "species": "Western Red Cedar",
        "condition": "Fair",
        "neighborhood": "Alberta Arts",
        "address": "1074 Portland Ave",
        "diameter": 14.0,
        "diameter_bucket": "12-24 in"
      }
    },
    {
      "type": "Feature",
      "geometry": {
        "type": "Point",
        "coordinates": [
          -122.68107084997574,
          45.53427600248141
        ]
      },
      "properties": {
        "id": 76,
        "species": "Red Oak",
        "condition": "Good",
        "neighborhood": "Downtown",
        "address": "1075 Portland Ave",
        "diameter": 4.0,
        "diameter_bucket": "<6 in"
      }
    },
    {
      "type": "Feature",
      "geometry": {
        "type": "Point",
        "coordinates": [
          -122.65310855294247,
          45.4659590385587
        ]
      },
      "properties": {
        "id": 77,
        "species": "Western Red Cedar",
        "condition": "Good",
        "neighborhood": "Sellwood",
        "address": "1076 Portland Ave",
        "diameter": 14.0,
        "diameter_bucket": "12-24 in"
      }
    },
    {
      "type": "Feature",
      "geometry": {
        "type": "Point",
        "coordinates": [
          -122.66889093725268,
          45.513280440711526
        ]
      },
      "properties": {
        "id": 78,
        "species": "Douglas Fir",
        "condition": "Poor",
        "neighborhood": "Downtown",
        "address": "1077 Portland Ave",
        "diameter": 4.0,
        "diameter_bucket": "<6 in"
      }
    },
    {
      "type": "Feature",
      "geometry": {
        "type": "Point",
        "coordinates": [
          -122.59969813055461,
          45.50053985952729
        ]
      },
      "properties": {
        "id": 79,
        "species": "Douglas Fir",
        "condition": "Excellent",
        "neighborhood": "Montavilla",
        "address": "1078 Portland Ave",
        "diameter": 10.0,
        "diameter_bucket": "6-12 in"
      }
    },
    {
      "type": "Feature",
      "geometry": {
        "type": "Point",
        "coordinates": [
          -122.58970374548709,
          45.51834347230067
        ]
      },
      "properties": {
        "id": 80,
        "species": "Cherry",
        "condition": "Good",
        "neighborhood": "Montavilla",
        "address": "1079 Portland Ave",
        "diameter": 18.0,
        "diameter_bucket": "12-24 in"
      }
    },
    {
      "type": "Feature",
      "geometry": {
        "type": "Point",
        "coordinates": [
          -122.63195305096238,
          45.5050509136006
        ]
      },
      "properties": {
        "id": 81,
        "species": "Western Red Cedar",
        "condition": "Poor",
        "neighborhood": "Buckman",
        "address": "1080 Portland Ave",
        "diameter": 10.0,
        "diameter_bucket": "6-12 in"
      }
    },
    {
      "type": "Feature",
      "geometry": {
        "type": "Point",
        "coordinates": [
          -122.67448252359665,
          45.53093381891605
        ]
      },
      "properties": {
        "id": 82,
        "species": "Dogwood",
        "condition": "Good",
        "neighborhood": "Downtown",
        "address": "1081 Portland Ave",
        "diameter": 7.0,
        "diameter_bucket": "6-12 in"
      }
    },
    {
      "type": "Feature",
      "geometry": {
        "type": "Point",
        "coordinates": [
          -122.67320912295091,
          45.51210469043251
        ]
      },
      "properties": {
        "id": 83,
        "species": "Bigleaf Maple",
        "condition": "Poor",
        "neighborhood": "Downtown",
        "address": "1082 Portland Ave",
        "diameter": null,
        "diameter_bucket": "Unknown"
      }
    },
    {
      "type": "Feature",
      "geometry": {
        "type": "Point",
        "coordinates": [
          -122.67347056498562,
          45.52616641060451
        ]
      },
      "properties": {
        "id": 84,
        "species": "Dogwood",
        "condition": "Good",
        "neighborhood": "Downtown",
        "address": "1083 Portland Ave",
        "diameter": null,
        "diameter_bucket": "Unknown"
      }
    },
    {
      "type": "Feature",
      "geometry": {
        "type": "Point",
        "coordinates": [
          -122.6203552587503,
          45.54707954385107
        ]
      },
      "properties": {
        "id": 85,
        "species": "Dogwood",
        "condition": "Excellent",
        "neighborhood": "Alberta Arts",
        "address": "1084 Portland Ave",
        "diameter": 7.0,
        "diameter_bucket": "6-12 in"
      }
    },
    {
      "type": "Feature",
      "geometry": {
        "type": "Point",
        "coordinates": [
          -122.71521320000062,
          45.56405264475511
        ]
      },
      "properties": {
        "id": 86,
        "species": "Red Oak",
        "condition": "Good",
        "neighborhood": "St. Johns",
        "address": "1085 Portland Ave",
        "diameter": 14.0,
        "diameter_bucket": "12-24 in"
      }
    },
    {
      "type": "Feature",
      "geometry": {
        "type": "Point",
        "coordinates": [
          -122.66008235774153,
          45.5032558861941
        ]
      },
      "properties": {
        "id": 87,
        "species": "Cherry",
        "condition": "Poor",
        "neighborhood": "Lair Hill",
        "address": "1086 Portland Ave",
        "diameter": 7.0,
        "diameter_bucket": "6-12 in"
      }
    },
    {
      "type": "Feature",
      "geometry": {
        "type": "Point",
        "coordinates": [
          -122.7101043399989,
          45.579851199868386
        ]
      },
      "properties": {
        "id": 88,
        "species": "Bigleaf Maple",
        "condition": "Good",
        "neighborhood": "St. Johns",
        "address": "1087 Portland Ave",
        "diameter": 7.0,
        "diameter_bucket": "6-12 in"
      }
    },
    {
      "type": "Feature",
      "geometry": {
        "type": "Point",
        "coordinates": [
          -122.63636317531886,
          45.5119625505663
        ]
      },
      "properties": {
        "id": 89,
        "species": "Dogwood",
        "condition": "Fair",
        "neighborhood": "Buckman",
        "address": "1088 Portland Ave",
        "diameter": 10.0,
        "diameter_bucket": "6-12 in"
      }
    },
    {
      "type": "Feature",
      "geometry": {
        "type": "Point",
        "coordinates": [
          -122.67684084684812,
          45.52267809675824
        ]
      },
      "properties": {
        "id": 90,
        "species": "Dogwood",
        "condition": "Excellent",
        "neighborhood": "Downtown",
        "address": "1089 Portland Ave",
        "diameter": 14.0,
        "diameter_bucket": "12-24 in"
      }
    },
    {
      "type": "Feature",
      "geometry": {
        "type": "Point",
        "coordinates": [
          -122.70460314334294,
          45.56498055548231
        ]
      },
      "properties": {
        "id": 91,
        "species": "Cherry",
        "condition": "Poor",
        "neighborhood": "St. Johns",
        "address": "1090 Portland Ave",
        "diameter": null,
        "diameter_bucket": "Unknown"
      }
    },
    {
      "type": "Feature",
      "geometry": {
        "type": "Point",
        "coordinates": [
          -122.69682216384423,
          45.549039209775984
        ]
      },
      "properties": {
        "id": 92,
        "species": "Red Oak",
        "condition": "Excellent",
        "neighborhood": "Northwest",
        "address": "1091 Portland Ave",
        "diameter": null,
        "diameter_bucket": "Unknown"
      }
    },
    {
      "type": "Feature",
      "geometry": {
        "type": "Point",
        "coordinates": [
          -122.68666485819462,
          45.518050133107714
        ]
      },
      "properties": {
        "id": 93,
        "species": "Western Red Cedar",
        "condition": "Poor",
        "neighborhood": "Downtown",
        "address": "1092 Portland Ave",
        "diameter": 18.0,
        "diameter_bucket": "12-24 in"
      }
    },
    {
      "type": "Feature",
      "geometry": {
        "type": "Point",
        "coordinates": [
          -122.58430590535453,
          45.5050360932797
        ]
      },
      "properties": {
        "id": 94,
        "species": "Douglas Fir",
        "condition": "Excellent",
        "neighborhood": "Montavilla",
        "address": "1093 Portland Ave",
        "diameter": 7.0,
        "diameter_bucket": "6-12 in"
      }
    },
    {
      "type": "Feature",
      "geometry": {
        "type": "Point",
        "coordinates": [
          -122.64571658475052,
          45.52193966827227
        ]
      },
      "properties": {
        "id": 95,
        "species": "Red Oak",
        "condition": "Good",
        "neighborhood": "Buckman",
        "address": "1094 Portland Ave",
        "diameter": 18.0,
        "diameter_bucket": "12-24 in"
      }
    },
    {
      "type": "Feature",
      "geometry": {
        "type": "Point",
        "coordinates": [
          -122.70444679352678,
          45.54208008893106
        ]
      },
      "properties": {
        "id": 96,
        "species": "Cherry",
        "condition": "Poor",
        "neighborhood": "Northwest",
        "address": "1095 Portland Ave",
        "diameter": 4.0,
        "diameter_bucket": "<6 in"
      }
    },
    {
      "type": "Feature",
      "geometry": {
        "type": "Point",
        "coordinates": [
          -122.64019929337235,
          45.50408617132007
        ]
      },
      "properties": {
        "id": 97,
        "species": "Cherry",
        "condition": "Poor",
        "neighborhood": "Buckman",
        "address": "1096 Portland Ave",
        "diameter": 18.0,
        "diameter_bucket": "12-24 in"
      }
    },
    {
      "type": "Feature",
      "geometry": {
        "type": "Point",
        "coordinates": [
          -122.64297345251154,
          45.51398834866475
        ]
      },
      "properties": {
        "id": 98,
        "species": "Bigleaf Maple",
        "condition": "Fair",
        "neighborhood": "Buckman",
        "address": "1097 Portland Ave",
        "diameter": 4.0,
        "diameter_bucket": "<6 in"
      }
    },
    {
      "type": "Feature",
      "geometry": {
        "type": "Point",
        "coordinates": [
          -122.6443613409284,
          45.47481761698811
        ]
      },
      "properties": {
        "id": 99,
        "species": "Bigleaf Maple",
        "condition": "Good",
        "neighborhood": "Sellwood",
        "address": "1098 Portland Ave",
        "diameter": 4.0,
        "diameter_bucket": "<6 in"
      }
    },
    {
      "type": "Feature",
      "geometry": {
        "type": "Point",
        "coordinates": [
          -122.63794054358132,
          45.55307709319094
        ]
      },
      "properties": {
        "id": 100,
        "species": "Cherry",
        "condition": "Excellent",
        "neighborhood": "Alberta Arts",
        "address": "1099 Portland Ave",
        "diameter": 24.0,
        "diameter_bucket": "24+ in"
      }
    },
    {
      "type": "Feature",
      "geometry": {
        "type": "Point",
        "coordinates": [
          -122.58649787359566,
          45.51813575344237
        ]
      },
      "properties": {
        "id": 101,
        "species": "Red Oak",
        "condition": "Excellent",
        "neighborhood": "Montavilla",
        "address": "1100 Portland Ave",
        "diameter": 4.0,
        "diameter_bucket": "<6 in"
      }
    },
    {
      "type": "Feature",
      "geometry": {
        "type": "Point",
        "coordinates": [
          -122.63592605479073,
          45.56223912392895
        ]
      },
      "properties": {
        "id": 102,
        "species": "Red Oak",
        "condition": "Poor",
        "neighborhood": "Alberta Arts",
        "address": "1101 Portland Ave",
        "diameter": 24.0,
        "diameter_bucket": "24+ in"
      }
    },
    {
      "type": "Feature",
      "geometry": {
        "type": "Point",
        "coordinates": [
          -122.66465657580682,
          45.504056407339576
        ]
      },
      "properties": {
        "id": 103,
        "species": "Cherry",
        "condition": "Excellent",
        "neighborhood": "Lair Hill",
        "address": "1102 Portland Ave",
        "diameter": 30.0,
        "diameter_bucket": "24+ in"
      }
    },
    {
      "type": "Feature",
      "geometry": {
        "type": "Point",
        "coordinates": [
          -122.68231257517336,
          45.50276974196683
        ]
      },
      "properties": {
        "id": 104,
        "species": "Dogwood",
        "condition": "Poor",
        "neighborhood": "Lair Hill",
        "address": "1103 Portland Ave",
        "diameter": null,
        "diameter_bucket": "Unknown"
      }
    },
    {
      "type": "Feature",
      "geometry": {
        "type": "Point",
        "coordinates": [
          -122.64513100031276,
          45.51946777705004
        ]
      },
      "properties": {
        "id": 105,
        "species": "Bigleaf Maple",
        "condition": "Good",
        "neighborhood": "Buckman",
        "address": "1104 Portland Ave",
        "diameter": 10.0,
        "diameter_bucket": "6-12 in"
      }
    },
    {
      "type": "Feature",
      "geometry": {
        "type": "Point",
        "coordinates": [
          -122.71023809505145,
          45.5679567996282
        ]
      },
      "properties": {
        "id": 106,
        "species": "Red Oak",
        "condition": "Fair",
        "neighborhood": "St. Johns",
        "address": "1105 Portland Ave",
        "diameter": 30.0,
        "diameter_bucket": "24+ in"
      }
    },
    {
      "type": "Feature",
      "geometry": {
        "type": "Point",
        "coordinates": [
          -122.67012427914102,
          45.49272007098494
        ]
      },
      "properties": {
        "id": 107,
        "species": "Cherry",
        "condition": "Excellent",
        "neighborhood": "Lair Hill",
        "address": "1106 Portland Ave",
        "diameter": 10.0,
        "diameter_bucket": "6-12 in"
      }
    },
    {
      "type": "Feature",
      "geometry": {
        "type": "Point",
        "coordinates": [
          -122.63998548497452,
          45.50580409423254
        ]
      },
      "properties": {
        "id": 108,
        "species": "Cherry",
        "condition": "Good",
        "neighborhood": "Buckman",
        "address": "1107 Portland Ave",
        "diameter": null,
        "diameter_bucket": "Unknown"
      }
    },
    {
      "type": "Feature",
      "geometry": {
        "type": "Point",
        "coordinates": [
          -122.65370094935405,
          45.48071540272699
        ]
      },
      "properties": {
        "id": 109,
        "species": "Douglas Fir",
        "condition": "Good",
        "neighborhood": "Sellwood",
        "address": "1108 Portland Ave",
        "diameter": 14.0,
        "diameter_bucket": "12-24 in"
      }
    },
    {
      "type": "Feature",
      "geometry": {
        "type": "Point",
        "coordinates": [
          -122.69665902189772,
          45.52939268220817
        ]
      },
      "properties": {
        "id": 110,
        "species": "Red Oak",
        "condition": "Good",
        "neighborhood": "Northwest",
        "address": "1109 Portland Ave",
        "diameter": 24.0,
        "diameter_bucket": "24+ in"
      }
    },
    {
      "type": "Feature",
      "geometry": {
        "type": "Point",
        "coordinates": [
          -122.63464859577049,
          45.566424602670004
        ]
      },
      "properties": {
        "id": 111,
        "species": "Bigleaf Maple",
        "condition": "Poor",
        "neighborhood": "Alberta Arts",
        "address": "1110 Portland Ave",
        "diameter": 30.0,
        "diameter_bucket": "24+ in"
      }
    },
    {
      "type": "Feature",
      "geometry": {
        "type": "Point",
        "coordinates": [
          -122.60195988153633,
          45.51790017310217
        ]
      },
      "properties": {
        "id": 112,
        "species": "Red Oak",
        "condition": "Fair",
        "neighborhood": "Montavilla",
        "address": "1111 Portland Ave",
        "diameter": 4.0,
        "diameter_bucket": "<6 in"
      }
    },
    {
      "type": "Feature",
      "geometry": {
        "type": "Point",
        "coordinates": [
          -122.69377555369852,
          45.564660392327475
        ]
      },
      "properties": {
        "id": 113,
        "species": "Douglas Fir",
        "condition": "Good",
        "neighborhood": "St. Johns",
        "address": "1112 Portland Ave",
        "diameter": 7.0,
        "diameter_bucket": "6-12 in"
      }
    },
    {
      "type": "Feature",
      "geometry": {
        "type": "Point",
        "coordinates": [
          -122.63027054177527,
          45.56852296321066
        ]
      },
      "properties": {
        "id": 114,
        "species": "Dogwood",
        "condition": "Poor",
        "neighborhood": "Alberta Arts",
        "address": "1113 Portland Ave",
        "diameter": 30.0,
        "diameter_bucket": "24+ in"
      }
    },
    {
      "type": "Feature",
      "geometry": {
        "type": "Point",
        "coordinates": [
          -122.61855061632966,
          45.56736840822953
        ]
      },
      "properties": {
        "id": 115,
        "species": "Bigleaf Maple",
        "condition": "Good",
        "neighborhood": "Alberta Arts",
        "address": "1114 Portland Ave",
        "diameter": 4.0,
        "diameter_bucket": "<6 in"
      }
    },
    {
      "type": "Feature",
      "geometry": {
        "type": "Point",
        "coordinates": [
          -122.58550328353567,
          45.51702828283853
        ]
      },
      "properties": {
        "id": 116,
        "species": "Cherry",
        "condition": "Poor",
        "neighborhood": "Montavilla",
        "address": "1115 Portland Ave",
        "diameter": 4.0,
        "diameter_bucket": "<6 in"
      }
    },
    {
      "type": "Feature",
      "geometry": {
        "type": "Point",
        "coordinates": [
          -122.68775614543053,
          45.534596506297035
        ]
      },
      "properties": {
        "id": 117,
        "species": "Western Red Cedar",
        "condition": "Poor",
        "neighborhood": "Northwest",
        "address": "1116 Portland Ave",
        "diameter": null,
        "diameter_bucket": "Unknown"
      }
    },
    {
      "type": "Feature",
      "geometry": {
        "type": "Point",
        "coordinates": [
          -122.67812879005294,
          45.50429457243247
        ]
      },
      "properties": {
        "id": 118,
        "species": "Douglas Fir",
        "condition": "Excellent",
        "neighborhood": "Lair Hill",
        "address": "1117 Portland Ave",
        "diameter": null,
        "diameter_bucket": "Unknown"
      }
    },
    {
      "type": "Feature",
      "geometry": {
        "type": "Point",
        "coordinates": [
          -122.70905088978981,
          45.53843602195564
        ]
      },
      "properties": {
        "id": 119,
        "species": "Douglas Fir",
        "condition": "Good",
        "neighborhood": "Northwest",
        "address": "1118 Portland Ave",
        "diameter": 4.0,
        "diameter_bucket": "<6 in"
      }
    },
    {
      "type": "Feature",
      "geometry": {
        "type": "Point",
        "coordinates": [
          -122.62446465434101,
          45.57009843751096
        ]
      },
      "properties": {
        "id": 120,
        "species": "Western Red Cedar",
        "condition": "Poor",
        "neighborhood": "Alberta Arts",
        "address": "1119 Portland Ave",
        "diameter": 7.0,
        "diameter_bucket": "6-12 in"
      }
    },
    {
      "type": "Feature",
      "geometry": {
        "type": "Point",
        "coordinates": [
          -122.69741351963098,
          45.5268884458006
        ]
      },
      "properties": {
        "id": 121,
        "species": "Western Red Cedar",
        "condition": "Good",
        "neighborhood": "Northwest",
        "address": "1120 Portland Ave",
        "diameter": 30.0,
        "diameter_bucket": "24+ in"
      }
    },
    {
      "type": "Feature",
      "geometry": {
        "type": "Point",
        "coordinates": [
          -122.62507453846911,
          45.552365992806635
        ]
      },
      "properties": {
        "id": 122,
        "species": "Bigleaf Maple",
        "condition": "Fair",
        "neighborhood": "Alberta Arts",
        "address": "1121 Portland Ave",
        "diameter": null,
        "diameter_bucket": "Unknown"
      }
    },
    {
      "type": "Feature",
      "geometry": {
        "type": "Point",
        "coordinates": [
          -122.6240301846553,
          45.57001455932552
        ]
      },
      "properties": {
        "id": 123,
        "species": "Douglas Fir",
        "condition": "Poor",
        "neighborhood": "Alberta Arts",
        "address": "1122 Portland Ave",
        "diameter": 14.0,
        "diameter_bucket": "12-24 in"
      }
    },
    {
      "type": "Feature",
      "geometry": {
        "type": "Point",
        "coordinates": [
          -122.67361655639922,
          45.486202740543
        ]
      },
      "properties": {
        "id": 124,
        "species": "Dogwood",
        "condition": "Fair",
        "neighborhood": "Lair Hill",
        "address": "1123 Portland Ave",
        "diameter": 4.0,
        "diameter_bucket": "<6 in"
      }
    },
    {
      "type": "Feature",
      "geometry": {
        "type": "Point",
        "coordinates": [
          -122.66726363539557,
          45.51575876540512
        ]
      },
      "properties": {
        "id": 125,
        "species": "Dogwood",
        "condition": "Poor",
        "neighborhood": "Downtown",
        "address": "1124 Portland Ave",
        "diameter": 7.0,
        "diameter_bucket": "6-12 in"
      }
    },
    {
      "type": "Feature",
      "geometry": {
        "type": "Point",
        "coordinates": [
          -122.62931626231816,
          45.5524681722523
        ]
      },
      "properties": {
        "id": 126,
        "species": "Red Oak",
        "condition": "Good",
        "neighborhood": "Alberta Arts",
        "address": "1125 Portland Ave",
        "diameter": null,
        "diameter_bucket": "Unknown"
      }
    },
    {
      "type": "Feature",
      "geometry": {
        "type": "Point",
        "coordinates": [
          -122.67126002620091,
          45.527799746848
        ]
      },
      "properties": {
        "id": 127,
        "species": "Red Oak",
        "condition": "Poor",
        "neighborhood": "Downtown",
        "address": "1126 Portland Ave",
        "diameter": 14.0,
        "diameter_bucket": "12-24 in"
      }
    },
    {
      "type": "Feature",
      "geometry": {
        "type": "Point",
        "coordinates": [
          -122.67076089867739,
          45.53022954121091
        ]
      },
      "properties": {
        "id": 128,
        "species": "Western Red Cedar",
        "condition": "Excellent",
        "neighborhood": "Downtown",
        "address": "1127 Portland Ave",
        "diameter": 14.0,
        "diameter_bucket": "12-24 in"
      }
    },
    {
      "type": "Feature",
      "geometry": {
        "type": "Point",
        "coordinates": [
          -122.70951882217541,
          45.5812766093374
        ]
      },
      "properties": {
        "id": 129,
        "species": "Douglas Fir",
        "condition": "Good",
        "neighborhood": "St. Johns",
        "address": "1128 Portland Ave",
        "diameter": null,
        "diameter_bucket": "Unknown"
      }
    },
    {
      "type": "Feature",
      "geometry": {
        "type": "Point",
        "coordinates": [
          -122.66215598697157,
          45.491860526936144
        ]
      },
      "properties": {
        "id": 130,
        "species": "Bigleaf Maple",
        "condition": "Poor",
        "neighborhood": "Lair Hill",
        "address": "1129 Portland Ave",
        "diameter": 10.0,
        "diameter_bucket": "6-12 in"
      }
    },
    {
      "type": "Feature",
      "geometry": {
        "type": "Point",
        "coordinates": [
          -122.66165049600625,
          45.497141265705295
        ]
      },
      "properties": {
        "id": 131,
        "species": "Bigleaf Maple",
        "condition": "Good",
        "neighborhood": "Lair Hill",
        "address": "1130 Portland Ave",
        "diameter": 30.0,
        "diameter_bucket": "24+ in"
      }
    },
    {
      "type": "Feature",
      "geometry": {
        "type": "Point",
        "coordinates": [
          -122.66512112708162,
          45.516210777799536
        ]
      },
      "properties": {
        "id": 132,
        "species": "Douglas Fir",
        "condition": "Poor",
        "neighborhood": "Downtown",
        "address": "1131 Portland Ave",
        "diameter": 4.0,
        "diameter_bucket": "<6 in"
      }
    },
    {
      "type": "Feature",
      "geometry": {
        "type": "Point",
        "coordinates": [
          -122.67770859285031,
          45.515518515812154
        ]
      },
      "properties": {
        "id": 133,
        "species": "Dogwood",
        "condition": "Fair",
        "neighborhood": "Downtown",
        "address": "1132 Portland Ave",
        "diameter": 7.0,
        "diameter_bucket": "6-12 in"
      }
    },
    {
      "type": "Feature",
      "geometry": {
        "type": "Point",
        "coordinates": [
          -122.70209817376303,
          45.547558291953614
        ]
      },
      "properties": {
        "id": 134,
        "species": "Douglas Fir",
        "condition": "Poor",
        "neighborhood": "Northwest",
        "address": "1133 Portland Ave",
        "diameter": 4.0,
        "diameter_bucket": "<6 in"
      }
    },
    {
      "type": "Feature",
      "geometry": {
        "type": "Point",
        "coordinates": [
          -122.63041313400761,
          45.56294631672955
        ]
      },
      "properties": {
        "id": 135,
        "species": "Red Oak",
        "condition": "Fair",
        "neighborhood": "Alberta Arts",
        "address": "1134 Portland Ave",
        "diameter": null,
        "diameter_bucket": "Unknown"
      }
    },
    {
      "type": "Feature",
      "geometry": {
        "type": "Point",
        "coordinates": [
          -122.65012219167713,
          45.50661498320154
        ]
      },
      "properties": {
        "id": 136,
        "species": "Bigleaf Maple",
        "condition": "Fair",
        "neighborhood": "Buckman",
        "address": "1135 Portland Ave",
        "diameter": 30.0,
        "diameter_bucket": "24+ in"
      }
    },
    {
      "type": "Feature",
      "geometry": {
        "type": "Point",
        "coordinates": [
          -122.69178868087397,
          45.53866709393816
        ]
      },
      "properties": {
        "id": 137,
        "species": "Cherry",
        "condition": "Fair",
        "neighborhood": "Northwest",
        "address": "1136 Portland Ave",
        "diameter": 18.0,
        "diameter_bucket": "12-24 in"
      }
    },
    {
      "type": "Feature",
      "geometry": {
        "type": "Point",
        "coordinates": [
          -122.59007384428857,
          45.5021062463014
        ]
      },
      "properties": {
        "id": 138,
        "species": "Douglas Fir",
        "condition": "Fair",
        "neighborhood": "Montavilla",
        "address": "1137 Portland Ave",
        "diameter": null,
        "diameter_bucket": "Unknown"
      }
    },
    {
      "type": "Feature",
      "geometry": {
        "type": "Point",
        "coordinates": [
          -122.66580432470494,
          45.493259420460035
        ]
      },
      "properties": {
        "id": 139,
        "species": "Cherry",
        "condition": "Excellent",
        "neighborhood": "Lair Hill",
        "address": "1138 Portland Ave",
        "diameter": 30.0,
        "diameter_bucket": "24+ in"
      }
    },
    {
      "type": "Feature",
      "geometry": {
        "type": "Point",
        "coordinates": [
          -122.66509996794376,
          45.50498378866173
        ]
      },
      "properties": {
        "id": 140,
        "species": "Bigleaf Maple",
        "condition": "Poor",
        "neighborhood": "Lair Hill",
        "address": "1139 Portland Ave",
        "diameter": 4.0,
        "diameter_bucket": "<6 in"
      }
    },
    {
      "type": "Feature",
      "geometry": {
        "type": "Point",
        "coordinates": [
          -122.69491815869891,
          45.55950191863835
        ]
      },
      "properties": {
        "id": 141,
        "species": "Red Oak",
        "condition": "Good",
        "neighborhood": "St. Johns",
        "address": "1140 Portland Ave",
        "diameter": 7.0,
        "diameter_bucket": "6-12 in"
      }
    },
    {
      "type": "Feature",
      "geometry": {
        "type": "Point",
        "coordinates": [
          -122.6564606980757,
          45.4655113829146
        ]
      },
      "properties": {
        "id": 142,
        "species": "Western Red Cedar",
        "condition": "Excellent",
        "neighborhood": "Sellwood",
        "address": "1141 Portland Ave",
        "diameter": 18.0,
        "diameter_bucket": "12-24 in"
      }
    },
    {
      "type": "Feature",
      "geometry": {
        "type": "Point",
        "coordinates": [
          -122.65736225897007,
          45.47898147378128
        ]
      },
      "properties": {
        "id": 143,
        "species": "Dogwood",
        "condition": "Excellent",
        "neighborhood": "Sellwood",
        "address": "1142 Portland Ave",
        "diameter": 4.0,
        "diameter_bucket": "<6 in"
      }
    },
    {
      "type": "Feature",
      "geometry": {
        "type": "Point",
        "coordinates": [
          -122.66632629150925,
          45.488074272896384
        ]
      },
      "properties": {
        "id": 144,
        "species": "Cherry",
        "condition": "Poor",
        "neighborhood": "Lair Hill",
        "address": "1143 Portland Ave",
        "diameter": 18.0,
        "diameter_bucket": "12-24 in"
      }
    },
    {
      "type": "Feature",
      "geometry": {
        "type": "Point",
        "coordinates": [
          -122.60381502540206,
          45.51955520602944
        ]
      },
      "properties": {
        "id": 145,
        "species": "Cherry",
        "condition": "Good",
        "neighborhood": "Montavilla",
        "address": "1144 Portland Ave",
        "diameter": 4.0,
        "diameter_bucket": "<6 in"
      }
    },
    {
      "type": "Feature",
      "geometry": {
        "type": "Point",
        "coordinates": [
          -122.62095257488167,
          45.566746126060266
        ]
      },
      "properties": {
        "id": 146,
        "species": "Western Red Cedar",
        "condition": "Good",
        "neighborhood": "Alberta Arts",
        "address": "1145 Portland Ave",
        "diameter": 24.0,
        "diameter_bucket": "24+ in"
      }
    },
    {
      "type": "Feature",
      "geometry": {
        "type": "Point",
        "coordinates": [
          -122.64568800721486,
          45.46785874872718
        ]
      },
      "properties": {
        "id": 147,
        "species": "Western Red Cedar",
        "condition": "Excellent",
        "neighborhood": "Sellwood",
        "address": "1146 Portland Ave",
        "diameter": 14.0,
        "diameter_bucket": "12-24 in"
      }
    },
    {
      "type": "Feature",
      "geometry": {
        "type": "Point",
        "coordinates": [
          -122.60106461970668,
          45.51806925609588
        ]
      },
      "properties": {
        "id": 148,
        "species": "Bigleaf Maple",
        "condition": "Excellent",
        "neighborhood": "Montavilla",
        "address": "1147 Portland Ave",
        "diameter": null,
        "diameter_bucket": "Unknown"
      }
    },
    {
      "type": "Feature",
      "geometry": {
        "type": "Point",
        "coordinates": [
          -122.65426269753871,
          45.46065661726837
        ]
      },
      "properties": {
        "id": 149,
        "species": "Bigleaf Maple",
        "condition": "Excellent",
        "neighborhood": "Sellwood",
        "address": "1148 Portland Ave",
        "diameter": 18.0,
        "diameter_bucket": "12-24 in"
      }
    },
    {
      "type": "Feature",
      "geometry": {
        "type": "Point",
        "coordinates": [
          -122.69989455339339,
          45.530200184970454
        ]
      },
      "properties": {
        "id": 150,
        "species": "Dogwood",
        "condition": "Poor",
        "neighborhood": "Northwest",
        "address": "1149 Portland Ave",
        "diameter": 10.0,
        "diameter_bucket": "6-12 in"
      }
    },
    {
      "type": "Feature",
      "geometry": {
        "type": "Point",
        "coordinates": [
          -122.67243782962197,
          45.48869034786526
        ]
      },
      "properties": {
        "id": 151,
        "species": "Dogwood",
        "condition": "Good",
        "neighborhood": "Lair Hill",
        "address": "1150 Portland Ave",
        "diameter": 7.0,
        "diameter_bucket": "6-12 in"
      }
    },
    {
      "type": "Feature",
      "geometry": {
        "type": "Point",
        "coordinates": [
          -122.62589477903825,
          45.55405077152479
        ]
      },
      "properties": {
        "id": 152,
        "species": "Red Oak",
        "condition": "Fair",
        "neighborhood": "Alberta Arts",
        "address": "1151 Portland Ave",
        "diameter": 18.0,
        "diameter_bucket": "12-24 in"
      }
    },
    {
      "type": "Feature",
      "geometry": {
        "type": "Point",
        "coordinates": [
          -122.67904232592963,
          45.4960455462779
        ]
      },
      "properties": {
        "id": 153,
        "species": "Douglas Fir",
        "condition": "Good",
        "neighborhood": "Lair Hill",
        "address": "1152 Portland Ave",
        "diameter": 18.0,
        "diameter_bucket": "12-24 in"
      }
    },
    {
      "type": "Feature",
      "geometry": {
        "type": "Point",
        "coordinates": [
          -122.67399432970554,
          45.49333211005893
        ]
      },
      "properties": {
        "id": 154,
        "species": "Douglas Fir",
        "condition": "Good",
        "neighborhood": "Lair Hill",
        "address": "1153 Portland Ave",
        "diameter": 7.0,
        "diameter_bucket": "6-12 in"
      }
    },
    {
      "type": "Feature",
      "geometry": {
        "type": "Point",
        "coordinates": [
          -122.71454402190366,
          45.581782935625974
        ]
      },
      "properties": {
        "id": 155,
        "species": "Cherry",
        "condition": "Good",
        "neighborhood": "St. Johns",
        "address": "1154 Portland Ave",
        "diameter": null,
        "diameter_bucket": "Unknown"
      }
    },
    {
      "type": "Feature",
      "geometry": {
        "type": "Point",
        "coordinates": [
          -122.6574517408193,
          45.45776868477051
        ]
      },
      "properties": {
        "id": 156,
        "species": "Bigleaf Maple",
        "condition": "Excellent",
        "neighborhood": "Sellwood",
        "address": "1155 Portland Ave",
        "diameter": 14.0,
        "diameter_bucket": "12-24 in"
      }
    },
    {
      "type": "Feature",
      "geometry": {
        "type": "Point",
        "coordinates": [
          -122.67456631287705,
          45.50782416994723
        ]
      },
      "properties": {
        "id": 157,
        "species": "Douglas Fir",
        "condition": "Poor",
        "neighborhood": "Lair Hill",
        "address": "1156 Portland Ave",
        "diameter": 18.0,
        "diameter_bucket": "12-24 in"
      }
    },
    {
      "type": "Feature",
      "geometry": {
        "type": "Point",
        "coordinates": [
          -122.67419247042363,
          45.513638721496605
        ]
      },
      "properties": {
        "id": 158,
        "species": "Western Red Cedar",
        "condition": "Fair",
        "neighborhood": "Downtown",
        "address": "1157 Portland Ave",
        "diameter": 14.0,
        "diameter_bucket": "12-24 in"
      }
    },
    {
      "type": "Feature",
      "geometry": {
        "type": "Point",
        "coordinates": [
          -122.68510713236735,
          45.51994900528312
        ]
      },
      "properties": {
        "id": 159,
        "species": "Douglas Fir",
        "condition": "Fair",
        "neighborhood": "Downtown",
        "address": "1158 Portland Ave",
        "diameter": 4.0,
        "diameter_bucket": "<6 in"
      }
    },
    {
      "type": "Feature",
      "geometry": {
        "type": "Point",
        "coordinates": [
          -122.66384800541509,
          45.505053849281914
        ]
      },
      "properties": {
        "id": 160,
        "species": "Cherry",
        "condition": "Fair",
        "neighborhood": "Lair Hill",
        "address": "1159 Portland Ave",
        "diameter": 10.0,
        "diameter_bucket": "6-12 in"
      }
    },
    {
      "type": "Feature",
      "geometry": {
        "type": "Point",
        "coordinates": [
          -122.63874480191554,
          45.548870434380184
        ]
      },
      "properties": {
        "id": 161,
        "species": "Cherry",
        "condition": "Poor",
        "neighborhood": "Alberta Arts",
        "address": "1160 Portland Ave",
        "diameter": 7.0,
        "diameter_bucket": "6-12 in"
      }
    },
    {
      "type": "Feature",
      "geometry": {
        "type": "Point",
        "coordinates": [
          -122.59751287889527,
          45.50243330641911
        ]
      },
      "properties": {
        "id": 162,
        "species": "Western Red Cedar",
        "condition": "Good",
        "neighborhood": "Montavilla",
        "address": "1161 Portland Ave",
        "diameter": 7.0,
        "diameter_bucket": "6-12 in"
      }
    },
    {
      "type": "Feature",
      "geometry": {
        "type": "Point",
        "coordinates": [
          -122.64549199508254,
          45.51354653114594
        ]
      },
      "properties": {
        "id": 163,
        "species": "Red Oak",
        "condition": "Fair",
        "neighborhood": "Buckman",
        "address": "1162 Portland Ave",
        "diameter": 30.0,
        "diameter_bucket": "24+ in"
      }
    },
    {
      "type": "Feature",
      "geometry": {
        "type": "Point",
        "coordinates": [
          -122.67490351845915,
          45.51859668528056
        ]
      },
      "properties": {
        "id": 164,
        "species": "Red Oak",
        "condition": "Poor",
        "neighborhood": "Downtown",
        "address": "1163 Portland Ave",
        "diameter": 30.0,
        "diameter_bucket": "24+ in"
      }
    },
    {
      "type": "Feature",
      "geometry": {
        "type": "Point",
        "coordinates": [
          -122.66458111146649,
          45.531841912978884
        ]
      },
      "properties": {
        "id": 165,
        "species": "Red Oak",
        "condition": "Good",
        "neighborhood": "Downtown",
        "address": "1164 Portland Ave",
        "diameter": 30.0,
        "diameter_bucket": "24+ in"
      }
    },
    {
      "type": "Feature",
      "geometry": {
        "type": "Point",
        "coordinates": [
          -122.60685896168336,
          45.504888012100814
        ]
      },
      "properties": {
        "id": 166,
        "species": "Douglas Fir",
        "condition": "Poor",
        "neighborhood": "Montavilla",
        "address": "1165 Portland Ave",
        "diameter": 7.0,
        "diameter_bucket": "6-12 in"
      }
    },
    {
      "type": "Feature",
      "geometry": {
        "type": "Point",
        "coordinates": [
          -122.68881188928519,
          45.53494922440847
        ]
      },
      "properties": {
        "id": 167,
        "species": "Cherry",
        "condition": "Good",
        "neighborhood": "Northwest",
        "address": "1166 Portland Ave",
        "diameter": 10.0,
        "diameter_bucket": "6-12 in"
      }
    },
    {
      "type": "Feature",
      "geometry": {
        "type": "Point",
        "coordinates": [
          -122.68508007663954,
          45.512340689674296
        ]
      },
      "properties": {
        "id": 168,
        "species": "Cherry",
        "condition": "Excellent",
        "neighborhood": "Downtown",
        "address": "1167 Portland Ave",
        "diameter": 24.0,
        "diameter_bucket": "24+ in"
      }
    },
    {
      "type": "Feature",
      "geometry": {
        "type": "Point",
        "coordinates": [
          -122.64520091983763,
          45.507501283827054
        ]
      },
      "properties": {
        "id": 169,
        "species": "Western Red Cedar",
        "condition": "Good",
        "neighborhood": "Buckman",
        "address": "1168 Portland Ave",
        "diameter": 7.0,
        "diameter_bucket": "6-12 in"
      }
    },
    {
      "type": "Feature",
      "geometry": {
        "type": "Point",
        "coordinates": [
          -122.69191466036948,
          45.53440963403413
        ]
      },
      "properties": {
        "id": 170,
        "species": "Douglas Fir",
        "condition": "Fair",
        "neighborhood": "Northwest",
        "address": "1169 Portland Ave",
        "diameter": 10.0,
        "diameter_bucket": "6-12 in"
      }
    },
    {
      "type": "Feature",
      "geometry": {
        "type": "Point",
        "coordinates": [
          -122.67691432434657,
          45.534513117989206
        ]
      },
      "properties": {
        "id": 171,
        "species": "Bigleaf Maple",
        "condition": "Poor",
        "neighborhood": "Downtown",
        "address": "1170 Portland Ave",
        "diameter": 7.0,
        "diameter_bucket": "6-12 in"
      }
    },
    {
      "type": "Feature",
      "geometry": {
        "type": "Point",
        "coordinates": [
          -122.63144189890228,
          45.519367786249965
        ]
      },
      "properties": {
        "id": 172,
        "species": "Western Red Cedar",
        "condition": "Poor",
        "neighborhood": "Buckman",
        "address": "1171 Portland Ave",
        "diameter": 14.0,
        "diameter_bucket": "12-24 in"
      }
    },
    {
      "type": "Feature",
      "geometry": {
        "type": "Point",
        "coordinates": [
          -122.71176471494883,
          45.562391173046606
        ]
      },
      "properties": {
        "id": 173,
        "species": "Cherry",
        "condition": "Good",
        "neighborhood": "St. Johns",
        "address": "1172 Portland Ave",
        "diameter": 30.0,
        "diameter_bucket": "24+ in"
      }
    },
    {
      "type": "Feature",
      "geometry": {
        "type": "Point",
        "coordinates": [
          -122.65857058644819,
          45.45975336088231
        ]
      },
      "properties": {
        "id": 174,
        "species": "Dogwood",
        "condition": "Good",
        "neighborhood": "Sellwood",
        "address": "1173 Portland Ave",
        "diameter": 4.0,
        "diameter_bucket": "<6 in"
      }
    },
    {
      "type": "Feature",
      "geometry": {
        "type": "Point",
        "coordinates": [
          -122.68071913281959,
          45.52712951422421
        ]
      },
      "properties": {
        "id": 175,
        "species": "Cherry",
        "condition": "Poor",
        "neighborhood": "Downtown",
        "address": "1174 Portland Ave",
        "diameter": 18.0,
        "diameter_bucket": "12-24 in"
      }
    },
    {
      "type": "Feature",
      "geometry": {
        "type": "Point",
        "coordinates": [
          -122.6010177876188,
          45.507397078916306
        ]
      },
      "properties": {
        "id": 176,
        "species": "Cherry",
        "condition": "Fair",
        "neighborhood": "Montavilla",
        "address": "1175 Portland Ave",
        "diameter": null,
        "diameter_bucket": "Unknown"
      }
    },
    {
      "type": "Feature",
      "geometry": {
        "type": "Point",
        "coordinates": [
          -122.71691580570598,
          45.56229033405007
        ]
      },
      "properties": {
        "id": 177,
        "species": "Cherry",
        "condition": "Poor",
        "neighborhood": "St. Johns",
        "address": "1176 Portland Ave",
        "diameter": 14.0,
        "diameter_bucket": "12-24 in"
      }
    },
    {
      "type": "Feature",
      "geometry": {
        "type": "Point",
        "coordinates": [
          -122.69828060260672,
          45.57632556467389
        ]
      },
      "properties": {
        "id": 178,
        "species": "Cherry",
        "condition": "Good",
        "neighborhood": "St. Johns",
        "address": "1177 Portland Ave",
        "diameter": null,
        "diameter_bucket": "Unknown"
      }
    },
    {
      "type": "Feature",
      "geometry": {
        "type": "Point",
        "coordinates": [
          -122.60391705888058,
          45.50256982572087
        ]
      },
      "properties": {
        "id": 179,
        "species": "Cherry",
        "condition": "Fair",
        "neighborhood": "Montavilla",
        "address": "1178 Portland Ave",
        "diameter": 7.0,
        "diameter_bucket": "6-12 in"
      }
    },
    {
      "type": "Feature",
      "geometry": {
        "type": "Point",
        "coordinates": [
          -122.7012297013925,
          45.57010420945468
        ]
      },
      "properties": {
        "id": 180,
        "species": "Bigleaf Maple",
        "condition": "Good",
        "neighborhood": "St. Johns",
        "address": "1179 Portland Ave",
        "diameter": 7.0,
        "diameter_bucket": "6-12 in"
      }
    },
    {
      "type": "Feature",
      "geometry": {
        "type": "Point",
        "coordinates": [
          -122.65222443841458,
          45.475463266072346
        ]
      },
      "properties": {
        "id": 181,
        "species": "Bigleaf Maple",
        "condition": "Poor",
        "neighborhood": "Sellwood",
        "address": "1180 Portland Ave",
        "diameter": 10.0,
        "diameter_bucket": "6-12 in"
      }
    },
    {
      "type": "Feature",
      "geometry": {
        "type": "Point",
        "coordinates": [
          -122.66459301961409,
          45.53166968266959
        ]
      },
      "properties": {
        "id": 182,
        "species": "Dogwood",
        "condition": "Excellent",
        "neighborhood": "Downtown",
        "address": "1181 Portland Ave",
        "diameter": 14.0,
        "diameter_bucket": "12-24 in"
      }
    },
    {
      "type": "Feature",
      "geometry": {
        "type": "Point",
        "coordinates": [
          -122.64019512081958,
          45.52756147418362
        ]
      },
      "properties": {
        "id": 183,
        "species": "Douglas Fir",
        "condition": "Good",
        "neighborhood": "Buckman",
        "address": "1182 Portland Ave",
        "diameter": 7.0,
        "diameter_bucket": "6-12 in"
      }
    },
    {
      "type": "Feature",
      "geometry": {
        "type": "Point",
        "coordinates": [
          -122.65844670161746,
          45.47145067137888
        ]
      },
      "properties": {
        "id": 184,
        "species": "Red Oak",
        "condition": "Fair",
        "neighborhood": "Sellwood",
        "address": "1183 Portland Ave",
        "diameter": null,
        "diameter_bucket": "Unknown"
      }
    },
    {
      "type": "Feature",
      "geometry": {
        "type": "Point",
        "coordinates": [
          -122.62885613287928,
          45.51009987357298
        ]
      },
      "properties": {
        "id": 185,
        "species": "Cherry",
        "condition": "Good",
        "neighborhood": "Buckman",
        "address": "1184 Portland Ave",
        "diameter": 18.0,
        "diameter_bucket": "12-24 in"
      }
    },
    {
      "type": "Feature",
      "geometry": {
        "type": "Point",
        "coordinates": [
          -122.6826160066368,
          45.493157860405255
        ]
      },
      "properties": {
        "id": 186,
        "species": "Douglas Fir",
        "condition": "Poor",
        "neighborhood": "Lair Hill",
        "address": "1185 Portland Ave",
        "diameter": 10.0,
        "diameter_bucket": "6-12 in"
      }
    },
    {
      "type": "Feature",
      "geometry": {
        "type": "Point",
        "coordinates": [
          -122.61801008551535,
          45.563312318920104
        ]
      },
      "properties": {
        "id": 187,
        "species": "Douglas Fir",
        "condition": "Fair",
        "neighborhood": "Alberta Arts",
        "address": "1186 Portland Ave",
        "diameter": 7.0,
        "diameter_bucket": "6-12 in"
      }
    },
    {
      "type": "Feature",
      "geometry": {
        "type": "Point",
        "coordinates": [
          -122.67986530095945,
          45.526371648202826
        ]
      },
      "properties": {
        "id": 188,
        "species": "Cherry",
        "condition": "Excellent",
        "neighborhood": "Downtown",
        "address": "1187 Portland Ave",
        "diameter": 18.0,
        "diameter_bucket": "12-24 in"
      }
    },
    {
      "type": "Feature",
      "geometry": {
        "type": "Point",
        "coordinates": [
          -122.59808481068646,
          45.51771015491444
        ]
      },
      "properties": {
        "id": 189,
        "species": "Cherry",
        "condition": "Fair",
        "neighborhood": "Montavilla",
        "address": "1188 Portland Ave",
        "diameter": 10.0,
        "diameter_bucket": "6-12 in"
      }
    },
    {
      "type": "Feature",
      "geometry": {
        "type": "Point",
        "coordinates": [
          -122.66254674718816,
          45.46473989242875
        ]
      },
      "properties": {
        "id": 190,
        "species": "Douglas Fir",
        "condition": "Good",
        "neighborhood": "Sellwood",
        "address": "1189 Portland Ave",
        "diameter": 4.0,
        "diameter_bucket": "<6 in"
      }
    },
    {
      "type": "Feature",
      "geometry": {
        "type": "Point",
        "coordinates": [
          -122.63341233998953,
          45.56667578313042
        ]
      },
      "properties": {
        "id": 191,
        "species": "Dogwood",
        "condition": "Fair",
        "neighborhood": "Alberta Arts",
        "address": "1190 Portland Ave",
        "diameter": 4.0,
        "diameter_bucket": "<6 in"
      }
    },
    {
      "type": "Feature",
      "geometry": {
        "type": "Point",
        "coordinates": [
          -122.68151668114376,
          45.51641930026103
        ]
      },
      "properties": {
        "id": 192,
        "species": "Dogwood",
        "condition": "Poor",
        "neighborhood": "Downtown",
        "address": "1191 Portland Ave",
        "diameter": 30.0,
        "diameter_bucket": "24+ in"
      }
    },
    {
      "type": "Feature",
      "geometry": {
        "type": "Point",
        "coordinates": [
          -122.66133144095748,
          45.478293018814526
        ]
      },
      "properties": {
        "id": 193,
        "species": "Douglas Fir",
        "condition": "Excellent",
        "neighborhood": "Sellwood",
        "address": "1192 Portland Ave",
        "diameter": 4.0,
        "diameter_bucket": "<6 in"
      }
    },
    {
      "type": "Feature",
      "geometry": {
        "type": "Point",
        "coordinates": [
          -122.67998089820676,
          45.51116277183898
        ]
      },
      "properties": {
        "id": 194,
        "species": "Bigleaf Maple",
        "condition": "Fair",
        "neighborhood": "Downtown",
        "address": "1193 Portland Ave",
        "diameter": 14.0,
        "diameter_bucket": "12-24 in"
      }
    },
    {
      "type": "Feature",
      "geometry": {
        "type": "Point",
        "coordinates": [
          -122.59286180142158,
          45.51400618206879
        ]
      },
      "properties": {
        "id": 195,
        "species": "Douglas Fir",
        "condition": "Fair",
        "neighborhood": "Montavilla",
        "address": "1194 Portland Ave",
        "diameter": null,
        "diameter_bucket": "Unknown"
      }
    },
    {
      "type": "Feature",
      "geometry": {
        "type": "Point",
        "coordinates": [
          -122.6295218180177,
          45.50723396873726
        ]
      },
      "properties": {
        "id": 196,
        "species": "Douglas Fir",
        "condition": "Good",
        "neighborhood": "Buckman",
        "address": "1195 Portland Ave",
        "diameter": null,
        "diameter_bucket": "Unknown"
      }
    },
    {
      "type": "Feature",
      "geometry": {
        "type": "Point",
        "coordinates": [
          -122.70652740087426,
          45.526728047437345
        ]
      },
      "properties": {
        "id": 197,
        "species": "Dogwood",
        "condition": "Fair",
        "neighborhood": "Northwest",
        "address": "1196 Portland Ave",
        "diameter": 30.0,
        "diameter_bucket": "24+ in"
      }
    },
    {
      "type": "Feature",
      "geometry": {
        "type": "Point",
        "coordinates": [
          -122.63815286648662,
          45.57021124959197
        ]
      },
      "properties": {
        "id": 198,
        "species": "Western Red Cedar",
        "condition": "Fair",
        "neighborhood": "Alberta Arts",
        "address": "1197 Portland Ave",
        "diameter": null,
        "diameter_bucket": "Unknown"
      }
    },
    {
      "type": "Feature",
      "geometry": {
        "type": "Point",
        "coordinates": [
          -122.69531591671698,
          45.563963928430994
        ]
      },
      "properties": {
        "id": 199,
        "species": "Bigleaf Maple",
        "condition": "Excellent",
        "neighborhood": "St. Johns",
        "address": "1198 Portland Ave",
        "diameter": 4.0,
        "diameter_bucket": "<6 in"
      }
    },
    {
      "type": "Feature",
      "geometry": {
        "type": "Point",
        "coordinates": [
          -122.60317880110888,
          45.504455789191304
        ]
      },
      "properties": {
        "id": 200,
        "species": "Bigleaf Maple",
        "condition": "Excellent",
        "neighborhood": "Montavilla",
        "address": "1199 Portland Ave",
        "diameter": 14.0,
        "diameter_bucket": "12-24 in"
      }
    },
    {
      "type": "Feature",
      "geometry": {
        "type": "Point",
        "coordinates": [
          -122.63956180579518,
          45.51391627839795
        ]
      },
      "properties": {
        "id": 201,
        "species": "Dogwood",
        "condition": "Poor",
        "neighborhood": "Buckman",
        "address": "1200 Portland Ave",
        "diameter": 10.0,
        "diameter_bucket": "6-12 in"
      }
    },
    {
      "type": "Feature",
      "geometry": {
        "type": "Point",
        "coordinates": [
          -122.62447686844197,
          45.54853041254883
        ]
      },
      "properties": {
        "id": 202,
        "species": "Dogwood",
        "condition": "Poor",
        "neighborhood": "Alberta Arts",
        "address": "1201 Portland Ave",
        "diameter": 4.0,
        "diameter_bucket": "<6 in"
      }
    },
    {
      "type": "Feature",
      "geometry": {
        "type": "Point",
        "coordinates": [
          -122.58911550130028,
          45.52026637943446
        ]
      },
      "properties": {
        "id": 203,
        "species": "Cherry",
        "condition": "Excellent",
        "neighborhood": "Montavilla",
        "address": "1202 Portland Ave",
        "diameter": null,
        "diameter_bucket": "Unknown"
      }
    },
    {
      "type": "Feature",
      "geometry": {
        "type": "Point",
        "coordinates": [
          -122.6494732394347,
          45.50942276197611
        ]
      },
      "properties": {
        "id": 204,
        "species": "Douglas Fir",
        "condition": "Excellent",
        "neighborhood": "Buckman",
        "address": "1203 Portland Ave",
        "diameter": 7.0,
        "diameter_bucket": "6-12 in"
      }
    },
    {
      "type": "Feature",
      "geometry": {
        "type": "Point",
        "coordinates": [
          -122.64229572343318,
          45.47819057429129
        ]
      },
      "properties": {
        "id": 205,
        "species": "Red Oak",
        "condition": "Excellent",
        "neighborhood": "Sellwood",
        "address": "1204 Portland Ave",
        "diameter": 18.0,
        "diameter_bucket": "12-24 in"
      }
    },
    {
      "type": "Feature",
      "geometry": {
        "type": "Point",
        "coordinates": [
          -122.58498539533795,
          45.51645760890039
        ]
      },
      "properties": {
        "id": 206,
        "species": "Red Oak",
        "condition": "Fair",
        "neighborhood": "Montavilla",
        "address": "1205 Portland Ave",
        "diameter": 14.0,
        "diameter_bucket": "12-24 in"
      }
    },
    {
      "type": "Feature",
      "geometry": {
        "type": "Point",
        "coordinates": [
          -122.70963453504388,
          45.546321084840436
        ]
      },
      "properties": {
        "id": 207,
        "species": "Red Oak",
        "condition": "Good",
        "neighborhood": "Northwest",
        "address": "1206 Portland Ave",
        "diameter": 14.0,
        "diameter_bucket": "12-24 in"
      }
    },
    {
      "type": "Feature",
      "geometry": {
        "type": "Point",
        "coordinates": [
          -122.64415508648301,
          45.52190763239532
        ]
      },
      "properties": {
        "id": 208,
        "species": "Cherry",
        "condition": "Fair",
        "neighborhood": "Buckman",
        "address": "1207 Portland Ave",
        "diameter": 14.0,
        "diameter_bucket": "12-24 in"
      }
    },
    {
      "type": "Feature",
      "geometry": {
        "type": "Point",
        "coordinates": [
          -122.59186329497307,
          45.52178164145683
        ]
      },
      "properties": {
        "id": 209,
        "species": "Dogwood",
        "condition": "Poor",
        "neighborhood": "Montavilla",
        "address": "1208 Portland Ave",
        "diameter": null,
        "diameter_bucket": "Unknown"
      }
    },
    {
      "type": "Feature",
      "geometry": {
        "type": "Point",
        "coordinates": [
          -122.6780068637808,
          45.53168054614541
        ]
      },
      "properties": {
        "id": 210,
        "species": "Dogwood",
        "condition": "Good",
        "neighborhood": "Downtown",
        "address": "1209 Portland Ave",
        "diameter": 18.0,
        "diameter_bucket": "12-24 in"
      }
    },
    {
      "type": "Feature",
      "geometry": {
        "type": "Point",
        "coordinates": [
          -122.66945202486315,
          45.49489751332211
        ]
      },
      "properties": {
        "id": 211,
        "species": "Western Red Cedar",
        "condition": "Good",
        "neighborhood": "Lair Hill",
        "address": "1210 Portland Ave",
        "diameter": 10.0,
        "diameter_bucket": "6-12 in"
      }
    },
    {
      "type": "Feature",
      "geometry": {
        "type": "Point",
        "coordinates": [
          -122.6859397189101,
          45.511745661195256
        ]
      },
      "properties": {
        "id": 212,
        "species": "Douglas Fir",
        "condition": "Fair",
        "neighborhood": "Downtown",
        "address": "1211 Portland Ave",
        "diameter": 10.0,
        "diameter_bucket": "6-12 in"
      }
    },
    {
      "type": "Feature",
      "geometry": {
        "type": "Point",
        "coordinates": [
          -122.68517834740413,
          45.5118408767417
        ]
      },
      "properties": {
        "id": 213,
        "species": "Dogwood",
        "condition": "Excellent",
        "neighborhood": "Downtown",
        "address": "1212 Portland Ave",
        "diameter": 7.0,
        "diameter_bucket": "6-12 in"
      }
    },
    {
      "type": "Feature",
      "geometry": {
        "type": "Point",
        "coordinates": [
          -122.67432865278212,
          45.51267836643275
        ]
      },
      "properties": {
        "id": 214,
        "species": "Red Oak",
        "condition": "Good",
        "neighborhood": "Downtown",
        "address": "1213 Portland Ave",
        "diameter": 7.0,
        "diameter_bucket": "6-12 in"
      }
    },
    {
      "type": "Feature",
      "geometry": {
        "type": "Point",
        "coordinates": [
          -122.60206263806764,
          45.502570781334626
        ]
      },
      "properties": {
        "id": 215,
        "species": "Bigleaf Maple",
        "condition": "Excellent",
        "neighborhood": "Montavilla",
        "address": "1214 Portland Ave",
        "diameter": 4.0,
        "diameter_bucket": "<6 in"
      }
    },
    {
      "type": "Feature",
      "geometry": {
        "type": "Point",
        "coordinates": [
          -122.69484312409777,
          45.54500144645299
        ]
      },
      "properties": {
        "id": 216,
        "species": "Red Oak",
        "condition": "Poor",
        "neighborhood": "Northwest",
        "address": "1215 Portland Ave",
        "diameter": 7.0,
        "diameter_bucket": "6-12 in"
      }
    },
    {
      "type": "Feature",
      "geometry": {
        "type": "Point",
        "coordinates": [
          -122.63382326645024,
          45.506348683618064
        ]
      },
      "properties": {
        "id": 217,
        "species": "Douglas Fir",
        "condition": "Fair",
        "neighborhood": "Buckman",
        "address": "1216 Portland Ave",
        "diameter": 24.0,
        "diameter_bucket": "24+ in"
      }
    },
    {
      "type": "Feature",
      "geometry": {
        "type": "Point",
        "coordinates": [
          -122.66399795692845,
          45.46697036925456
        ]
      },
      "properties": {
        "id": 218,
        "species": "Red Oak",
        "condition": "Fair",
        "neighborhood": "Sellwood",
        "address": "1217 Portland Ave",
        "diameter": 4.0,
        "diameter_bucket": "<6 in"
      }
    },
    {
      "type": "Feature",
      "geometry": {
        "type": "Point",
        "coordinates": [
          -122.64603829992461,
          45.47864801941886
        ]
      },
      "properties": {
        "id": 219,
        "species": "Western Red Cedar",
        "condition": "Poor",
        "neighborhood": "Sellwood",
        "address": "1218 Portland Ave",
        "diameter": 18.0,
        "diameter_bucket": "12-24 in"
      }
    },
    {
      "type": "Feature",
      "geometry": {
        "type": "Point",
        "coordinates": [
          -122.68775004069154,
          45.53003734057181
        ]
      },
      "properties": {
        "id": 220,
        "species": "Western Red Cedar",
        "condition": "Excellent",
        "neighborhood": "Downtown",
        "address": "1219 Portland Ave",
        "diameter": 24.0,
        "diameter_bucket": "24+ in"
      }
    },
    {
      "type": "Feature",
      "geometry": {
        "type": "Point",
        "coordinates": [
          -122.70409086694131,
          45.57491182727482
        ]
      },
      "properties": {
        "id": 221,
        "species": "Douglas Fir",
        "condition": "Excellent",
        "neighborhood": "St. Johns",
        "address": "1220 Portland Ave",
        "diameter": 18.0,
        "diameter_bucket": "12-24 in"
      }
    },
    {
      "type": "Feature",
      "geometry": {
        "type": "Point",
        "coordinates": [
          -122.63943466236555,
          45.51446537965559
        ]
      },
      "properties": {
        "id": 222,
        "species": "Red Oak",
        "condition": "Excellent",
        "neighborhood": "Buckman",
        "address": "1221 Portland Ave",
        "diameter": 4.0,
        "diameter_bucket": "<6 in"
      }
    },
    {
      "type": "Feature",
      "geometry": {
        "type": "Point",
        "coordinates": [
          -122.65270438169922,
          45.468579751854364
        ]
      },
      "properties": {
        "id": 223,
        "species": "Douglas Fir",
        "condition": "Poor",
        "neighborhood": "Sellwood",
        "address": "1222 Portland Ave",
        "diameter": 24.0,
        "diameter_bucket": "24+ in"
      }
    },
    {
      "type": "Feature",
      "geometry": {
        "type": "Point",
        "coordinates": [
          -122.63568651134662,
          45.56087217741201
        ]
      },
      "properties": {
        "id": 224,
        "species": "Douglas Fir",
        "condition": "Good",
        "neighborhood": "Alberta Arts",
        "address": "1223 Portland Ave",
        "diameter": null,
        "diameter_bucket": "Unknown"
      }
    },
    {
      "type": "Feature",
      "geometry": {
        "type": "Point",
        "coordinates": [
          -122.63672323988078,
          45.506638157833585
        ]
      },
      "properties": {
        "id": 225,
        "species": "Bigleaf Maple",
        "condition": "Poor",
        "neighborhood": "Buckman",
        "address": "1224 Portland Ave",
        "diameter": 7.0,
        "diameter_bucket": "6-12 in"
      }
    },
    {
      "type": "Feature",
      "geometry": {
        "type": "Point",
        "coordinates": [
          -122.6548695063719,
          45.46533480948719
        ]
      },
      "properties": {
        "id": 226,
        "species": "Cherry",
        "condition": "Excellent",
        "neighborhood": "Sellwood",
        "address": "1225 Portland Ave",
        "diameter": 30.0,
        "diameter_bucket": "24+ in"
      }
    },
    {
      "type": "Feature",
      "geometry": {
        "type": "Point",
        "coordinates": [
          -122.6812246152884,
          45.52002679987063
        ]
      },
      "properties": {
        "id": 227,
        "species": "Cherry",
        "condition": "Good",
        "neighborhood": "Downtown",
        "address": "1226 Portland Ave",
        "diameter": 30.0,
        "diameter_bucket": "24+ in"
      }
    },
    {
      "type": "Feature",
      "geometry": {
        "type": "Point",
        "coordinates": [
          -122.68045486744674,
          45.508154082082676
        ]
      },
      "properties": {
        "id": 228,
        "species": "Western Red Cedar",
        "condition": "Excellent",
        "neighborhood": "Lair Hill",
        "address": "1227 Portland Ave",
        "diameter": 24.0,
        "diameter_bucket": "24+ in"
      }
    },
    {
      "type": "Feature",
      "geometry": {
        "type": "Point",
        "coordinates": [
          -122.6436680425686,
          45.46932157237923
        ]
      },
      "properties": {
        "id": 229,
        "species": "Cherry",
        "condition": "Fair",
        "neighborhood": "Sellwood",
        "address": "1228 Portland Ave",
        "diameter": 10.0,
        "diameter_bucket": "6-12 in"
      }
    },
    {
      "type": "Feature",
      "geometry": {
        "type": "Point",
        "coordinates": [
          -122.69843755556514,
          45.56853115272922
        ]
      },
      "properties": {
        "id": 230,
        "species": "Western Red Cedar",
        "condition": "Good",
        "neighborhood": "St. Johns",
        "address": "1229 Portland Ave",
        "diameter": 10.0,
        "diameter_bucket": "6-12 in"
      }
    },
    {
      "type": "Feature",
      "geometry": {
        "type": "Point",
        "coordinates": [
          -122.64325698744716,
          45.467888431354055
        ]
      },
      "properties": {
        "id": 231,
        "species": "Douglas Fir",
        "condition": "Good",
        "neighborhood": "Sellwood",
        "address": "1230 Portland Ave",
        "diameter": 18.0,
        "diameter_bucket": "12-24 in"
      }
    },
    {
      "type": "Feature",
      "geometry": {
        "type": "Point",
        "coordinates": [
          -122.61966342267209,
          45.56511363977846
        ]
      },
      "properties": {
        "id": 232,
        "species": "Western Red Cedar",
        "condition": "Good",
        "neighborhood": "Alberta Arts",
        "address": "1231 Portland Ave",
        "diameter": 10.0,
        "diameter_bucket": "6-12 in"
      }
    },
    {
      "type": "Feature",
      "geometry": {
        "type": "Point",
        "coordinates": [
          -122.66903051760396,
          45.502855837343915
        ]
      },
      "properties": {
        "id": 233,
        "species": "Red Oak",
        "condition": "Good",
        "neighborhood": "Lair Hill",
        "address": "1232 Portland Ave",
        "diameter": 14.0,
        "diameter_bucket": "12-24 in"
      }
    },
    {
      "type": "Feature",
      "geometry": {
        "type": "Point",
        "coordinates": [
          -122.65829148400275,
          45.479739036880005
        ]
      },
      "properties": {
        "id": 234,
        "species": "Dogwood",
        "condition": "Excellent",
        "neighborhood": "Sellwood",
        "address": "1233 Portland Ave",
        "diameter": 10.0,
        "diameter_bucket": "6-12 in"
      }
    },
    {
      "type": "Feature",
      "geometry": {
        "type": "Point",
        "coordinates": [
          -122.70637695771744,
          45.52989036913828
        ]
      },
      "properties": {
        "id": 235,
        "species": "Douglas Fir",
        "condition": "Fair",
        "neighborhood": "Northwest",
        "address": "1234 Portland Ave",
        "diameter": 18.0,
        "diameter_bucket": "12-24 in"
      }
    },
    {
      "type": "Feature",
      "geometry": {
        "type": "Point",
        "coordinates": [
          -122.60437730229414,
          45.50657169339589
        ]
      },
      "properties": {
        "id": 236,
        "species": "Bigleaf Maple",
        "condition": "Fair",
        "neighborhood": "Montavilla",
        "address": "1235 Portland Ave",
        "diameter": 14.0,
        "diameter_bucket": "12-24 in"
      }
    },
    {
      "type": "Feature",
      "geometry": {
        "type": "Point",
        "coordinates": [
          -122.60669718478935,
          45.51113399249922
        ]
      },
      "properties": {
        "id": 237,
        "species": "Cherry",
        "condition": "Good",
        "neighborhood": "Montavilla",
        "address": "1236 Portland Ave",
        "diameter": 18.0,
        "diameter_bucket": "12-24 in"
      }
    },
    {
      "type": "Feature",
      "geometry": {
        "type": "Point",
        "coordinates": [
          -122.71082687456541,
          45.558530815090265
        ]
      },
      "properties": {
        "id": 238,
        "species": "Dogwood",
        "condition": "Poor",
        "neighborhood": "St. Johns",
        "address": "1237 Portland Ave",
        "diameter": 4.0,
        "diameter_bucket": "<6 in"
      }
    },
    {
      "type": "Feature",
      "geometry": {
        "type": "Point",
        "coordinates": [
          -122.67317931913712,
          45.50729209331028
        ]
      },
      "properties": {
        "id": 239,
        "species": "Western Red Cedar",
        "condition": "Poor",
        "neighborhood": "Lair Hill",
        "address": "1238 Portland Ave",
        "diameter": 14.0,
        "diameter_bucket": "12-24 in"
      }
    },
    {
      "type": "Feature",
      "geometry": {
        "type": "Point",
        "coordinates": [
          -122.66810306826993,
          45.501810316535504
        ]
      },
      "properties": {
        "id": 240,
        "species": "Cherry",
        "condition": "Poor",
        "neighborhood": "Lair Hill",
        "address": "1239 Portland Ave",
        "diameter": 24.0,
        "diameter_bucket": "24+ in"
      }
    },
    {
      "type": "Feature",
      "geometry": {
        "type": "Point",
        "coordinates": [
          -122.63715119655822,
          45.562078646606324
        ]
      },
      "properties": {
        "id": 241,
        "species": "Cherry",
        "condition": "Good",
        "neighborhood": "Alberta Arts",
        "address": "1240 Portland Ave",
        "diameter": 30.0,
        "diameter_bucket": "24+ in"
      }
    },
    {
      "type": "Feature",
      "geometry": {
        "type": "Point",
        "coordinates": [
          -122.64183408370923,
          45.51000146374394
        ]
      },
      "properties": {
        "id": 242,
        "species": "Cherry",
        "condition": "Excellent",
        "neighborhood": "Buckman",
        "address": "1241 Portland Ave",
        "diameter": 30.0,
        "diameter_bucket": "24+ in"
      }
    },
    {
      "type": "Feature",
      "geometry": {
        "type": "Point",
        "coordinates": [
          -122.64412671415003,
          45.525467866060936
        ]
      },
      "properties": {
        "id": 243,
        "species": "Bigleaf Maple",
        "condition": "Poor",
        "neighborhood": "Buckman",
        "address": "1242 Portland Ave",
        "diameter": null,
        "diameter_bucket": "Unknown"
      }
    },
    {
      "type": "Feature",
      "geometry": {
        "type": "Point",
        "coordinates": [
          -122.69695936205066,
          45.526115492698764
        ]
      },
      "properties": {
        "id": 244,
        "species": "Douglas Fir",
        "condition": "Good",
        "neighborhood": "Northwest",
        "address": "1243 Portland Ave",
        "diameter": 24.0,
        "diameter_bucket": "24+ in"
      }
    },
    {
      "type": "Feature",
      "geometry": {
        "type": "Point",
        "coordinates": [
          -122.69903716739277,
          45.5455318280413
        ]
      },
      "properties": {
        "id": 245,
        "species": "Douglas Fir",
        "condition": "Poor",
        "neighborhood": "Northwest",
        "address": "1244 Portland Ave",
        "diameter": 4.0,
        "diameter_bucket": "<6 in"
      }
    },
    {
      "type": "Feature",
      "geometry": {
        "type": "Point",
        "coordinates": [
          -122.65465163235508,
          45.469320518483435
        ]
      },
      "properties": {
        "id": 246,
        "species": "Cherry",
        "condition": "Good",
        "neighborhood": "Sellwood",
        "address": "1245 Portland Ave",
        "diameter": 10.0,
        "diameter_bucket": "6-12 in"
      }
    },
    {
      "type": "Feature",
      "geometry": {
        "type": "Point",
        "coordinates": [
          -122.58461539147096,
          45.512331010299214
        ]
      },
      "properties": {
        "id": 247,
        "species": "Dogwood",
        "condition": "Fair",
        "neighborhood": "Montavilla",
        "address": "1246 Portland Ave",
        "diameter": 4.0,
        "diameter_bucket": "<6 in"
      }
    },
    {
      "type": "Feature",
      "geometry": {
        "type": "Point",
        "coordinates": [
          -122.62990757976863,
          45.553584573217954
        ]
      },
      "properties": {
        "id": 248,
        "species": "Bigleaf Maple",
        "condition": "Excellent",
        "neighborhood": "Alberta Arts",
        "address": "1247 Portland Ave",
        "diameter": 30.0,
        "diameter_bucket": "24+ in"
      }
    },
    {
      "type": "Feature",
      "geometry": {
        "type": "Point",
        "coordinates": [
          -122.5908027814593,
          45.515085554545806
        ]
      },
      "properties": {
        "id": 249,
        "species": "Western Red Cedar",
        "condition": "Fair",
        "neighborhood": "Montavilla",
        "address": "1248 Portland Ave",
        "diameter": 7.0,
        "diameter_bucket": "6-12 in"
      }
    },
    {
      "type": "Feature",
      "geometry": {
        "type": "Point",
        "coordinates": [
          -122.6738885353911,
          45.49278388918784
        ]
      },
      "properties": {
        "id": 250,
        "species": "Western Red Cedar",
        "condition": "Good",
        "neighborhood": "Lair Hill",
        "address": "1249 Portland Ave",
        "diameter": 30.0,
        "diameter_bucket": "24+ in"
      }
    },
    {
      "type": "Feature",
      "geometry": {
        "type": "Point",
        "coordinates": [
          -122.71389681954453,
          45.56308830663524
        ]
      },
      "properties": {
        "id": 251,
        "species": "Bigleaf Maple",
        "condition": "Good",
        "neighborhood": "St. Johns",
        "address": "1250 Portland Ave",
        "diameter": null,
        "diameter_bucket": "Unknown"
      }
    },
    {
      "type": "Feature",
      "geometry": {
        "type": "Point",
        "coordinates": [
          -122.67998967694882,
          45.505051343732575
        ]
      },
      "properties": {
        "id": 252,
        "species": "Dogwood",
        "condition": "Poor",
        "neighborhood": "Lair Hill",
        "address": "1251 Portland Ave",
        "diameter": null,
        "diameter_bucket": "Unknown"
      }
    },
    {
      "type": "Feature",
      "geometry": {
        "type": "Point",
        "coordinates": [
          -122.62390941939499,
          45.56523731032877
        ]
      },
      "properties": {
        "id": 253,
        "species": "Cherry",
        "condition": "Fair",
        "neighborhood": "Alberta Arts",
        "address": "1252 Portland Ave",
        "diameter": 14.0,
        "diameter_bucket": "12-24 in"
      }
    },
    {
      "type": "Feature",
      "geometry": {
        "type": "Point",
        "coordinates": [
          -122.62300116403337,
          45.56390080774596
        ]
      },
      "properties": {
        "id": 254,
        "species": "Cherry",
        "condition": "Good",
        "neighborhood": "Alberta Arts",
        "address": "1253 Portland Ave",
        "diameter": null,
        "diameter_bucket": "Unknown"
      }
    },
    {
      "type": "Feature",
      "geometry": {
        "type": "Point",
        "coordinates": [
          -122.6693260895107,
          45.530430477724394
        ]
      },
      "properties": {
        "id": 255,
        "species": "Red Oak",
        "condition": "Good",
        "neighborhood": "Downtown",
        "address": "1254 Portland Ave",
        "diameter": 18.0,
        "diameter_bucket": "12-24 in"
      }
    },
    {
      "type": "Feature",
      "geometry": {
        "type": "Point",
        "coordinates": [
          -122.65421616143763,
          45.46830920143454
        ]
      },
      "properties": {
        "id": 256,
        "species": "Dogwood",
        "condition": "Excellent",
        "neighborhood": "Sellwood",
        "address": "1255 Portland Ave",
        "diameter": 24.0,
        "diameter_bucket": "24+ in"
      }
    },
    {
      "type": "Feature",
      "geometry": {
        "type": "Point",
        "coordinates": [
          -122.63149330895213,
          45.52628942894396
        ]
      },
      "properties": {
        "id": 257,
        "species": "Bigleaf Maple",
        "condition": "Excellent",
        "neighborhood": "Buckman",
        "address": "1256 Portland Ave",
        "diameter": 24.0,
        "diameter_bucket": "24+ in"
      }
    },
    {
      "type": "Feature",
      "geometry": {
        "type": "Point",
        "coordinates": [
          -122.64371639484766,
          45.516735547691226
        ]
      },
      "properties": {
        "id": 258,
        "species": "Western Red Cedar",
        "condition": "Excellent",
        "neighborhood": "Buckman",
        "address": "1257 Portland Ave",
        "diameter": 4.0,
        "diameter_bucket": "<6 in"
      }
    },
    {
      "type": "Feature",
      "geometry": {
        "type": "Point",
        "coordinates": [
          -122.66775703824287,
          45.50834244586325
        ]
      },
      "properties": {
        "id": 259,
        "species": "Red Oak",
        "condition": "Excellent",
        "neighborhood": "Lair Hill",
        "address": "1258 Portland Ave",
        "diameter": 10.0,
        "diameter_bucket": "6-12 in"
      }
    },
    {
      "type": "Feature",
      "geometry": {
        "type": "Point",
        "coordinates": [
          -122.67265296536449,
          45.48995592339808
        ]
      },
      "properties": {
        "id": 260,
        "species": "Douglas Fir",
        "condition": "Good",
        "neighborhood": "Lair Hill",
        "address": "1259 Portland Ave",
        "diameter": 30.0,
        "diameter_bucket": "24+ in"
      }
    },
    {
      "type": "Feature",
      "geometry": {
        "type": "Point",
        "coordinates": [
          -122.63548737419694,
          45.51862832109173
        ]
      },
      "properties": {
        "id": 261,
        "species": "Bigleaf Maple",
        "condition": "Fair",
        "neighborhood": "Buckman",
        "address": "1260 Portland Ave",
        "diameter": 14.0,
        "diameter_bucket": "12-24 in"
      }
    },
    {
      "type": "Feature",
      "geometry": {
        "type": "Point",
        "coordinates": [
          -122.70426090853,
          45.574627024986704
        ]
      },
      "properties": {
        "id": 262,
        "species": "Dogwood",
        "condition": "Poor",
        "neighborhood": "St. Johns",
        "address": "1261 Portland Ave",
        "diameter": 7.0,
        "diameter_bucket": "6-12 in"
      }
    },
    {
      "type": "Feature",
      "geometry": {
        "type": "Point",
        "coordinates": [
          -122.70437978205196,
          45.5315478638087
        ]
      },
      "properties": {
        "id": 263,
        "species": "Douglas Fir",
        "condition": "Poor",
        "neighborhood": "Northwest",
        "address": "1262 Portland Ave",
        "diameter": null,
        "diameter_bucket": "Unknown"
      }
    },
    {
      "type": "Feature",
      "geometry": {
        "type": "Point",
        "coordinates": [
          -122.66676887986462,
          45.522724895119744
        ]
      },
      "properties": {
        "id": 264,
        "species": "Dogwood",
        "condition": "Poor",
        "neighborhood": "Downtown",
        "address": "1263 Portland Ave",
        "diameter": 14.0,
        "diameter_bucket": "12-24 in"
      }
    },
    {
      "type": "Feature",
      "geometry": {
        "type": "Point",
        "coordinates": [
          -122.70260956099101,
          45.56195079330317
        ]
      },
      "properties": {
        "id": 265,
        "species": "Dogwood",
        "condition": "Excellent",
        "neighborhood": "St. Johns",
        "address": "1264 Portland Ave",
        "diameter": 10.0,
        "diameter_bucket": "6-12 in"
      }
    },
    {
      "type": "Feature",
      "geometry": {
        "type": "Point",
        "coordinates": [
          -122.65099834445162,
          45.4680310497813
        ]
      },
      "properties": {
        "id": 266,
        "species": "Dogwood",
        "condition": "Fair",
        "neighborhood": "Sellwood",
        "address": "1265 Portland Ave",
        "diameter": null,
        "diameter_bucket": "Unknown"
      }
    },
    {
      "type": "Feature",
      "geometry": {
        "type": "Point",
        "coordinates": [
          -122.6405011901926,
          45.4670195393596
        ]
      },
      "properties": {
        "id": 267,
        "species": "Dogwood",
        "condition": "Excellent",
        "neighborhood": "Sellwood",
        "address": "1266 Portland Ave",
        "diameter": 10.0,
        "diameter_bucket": "6-12 in"
      }
    },
    {
      "type": "Feature",
      "geometry": {
        "type": "Point",
        "coordinates": [
          -122.66381529157987,
          45.472067027076456
        ]
      },
      "properties": {
        "id": 268,
        "species": "Western Red Cedar",
        "condition": "Excellent",
        "neighborhood": "Sellwood",
        "address": "1267 Portland Ave",
        "diameter": 24.0,
        "diameter_bucket": "24+ in"
      }
    },
    {
      "type": "Feature",
      "geometry": {
        "type": "Point",
        "coordinates": [
          -122.6983677866893,
          45.53745501396969
        ]
      },
      "properties": {
        "id": 269,
        "species": "Douglas Fir",
        "condition": "Excellent",
        "neighborhood": "Northwest",
        "address": "1268 Portland Ave",
        "diameter": 14.0,
        "diameter_bucket": "12-24 in"
      }
    },
    {
      "type": "Feature",
      "geometry": {
        "type": "Point",
        "coordinates": [
          -122.59887344275215,
          45.515006668530745
        ]
      },
      "properties": {
        "id": 270,
        "species": "Dogwood",
        "condition": "Fair",
        "neighborhood": "Montavilla",
        "address": "1269 Portland Ave",
        "diameter": 24.0,
        "diameter_bucket": "24+ in"
      }
    },
    {
      "type": "Feature",
      "geometry": {
        "type": "Point",
        "coordinates": [
          -122.70370098708202,
          45.5766845758305
        ]
      },
      "properties": {
        "id": 271,
        "species": "Douglas Fir",
        "condition": "Fair",
        "neighborhood": "St. Johns",
        "address": "1270 Portland Ave",
        "diameter": 30.0,
        "diameter_bucket": "24+ in"
      }
    },
    {
      "type": "Feature",
      "geometry": {
        "type": "Point",
        "coordinates": [
          -122.65120333736192,
          45.46693732640473
        ]
      },
      "properties": {
        "id": 272,
        "species": "Red Oak",
        "condition": "Fair",
        "neighborhood": "Sellwood",
        "address": "1271 Portland Ave",
        "diameter": 24.0,
        "diameter_bucket": "24+ in"
      }
    },
    {
      "type": "Feature",
      "geometry": {
        "type": "Point",
        "coordinates": [
          -122.70491001975817,
          45.56768951284892
        ]
      },
      "properties": {
        "id": 273,
        "species": "Red Oak",
        "condition": "Fair",
        "neighborhood": "St. Johns",
        "address": "1272 Portland Ave",
        "diameter": 14.0,
        "diameter_bucket": "12-24 in"
      }
    },
    {
      "type": "Feature",
      "geometry": {
        "type": "Point",
        "coordinates": [
          -122.7090584895863,
          45.57700682725631
        ]
      },
      "properties": {
        "id": 274,
        "species": "Red Oak",
        "condition": "Fair",
        "neighborhood": "St. Johns",
        "address": "1273 Portland Ave",
        "diameter": 10.0,
        "diameter_bucket": "6-12 in"
      }
    },
    {
      "type": "Feature",
      "geometry": {
        "type": "Point",
        "coordinates": [
          -122.70903877364417,
          45.54402117330965
        ]
      },
      "properties": {
        "id": 275,
        "species": "Dogwood",
        "condition": "Poor",
        "neighborhood": "Northwest",
        "address": "1274 Portland Ave",
        "diameter": 4.0,
        "diameter_bucket": "<6 in"
      }
    },
    {
      "type": "Feature",
      "geometry": {
        "type": "Point",
        "coordinates": [
          -122.60685094373588,
          45.50720975353274
        ]
      },
      "properties": {
        "id": 276,
        "species": "Douglas Fir",
        "condition": "Poor",
        "neighborhood": "Montavilla",
        "address": "1275 Portland Ave",
        "diameter": 4.0,
        "diameter_bucket": "<6 in"
      }
    },
    {
      "type": "Feature",
      "geometry": {
        "type": "Point",
        "coordinates": [
          -122.59195645761363,
          45.514800779488155
        ]
      },
      "properties": {
        "id": 277,
        "species": "Dogwood",
        "condition": "Excellent",
        "neighborhood": "Montavilla",
        "address": "1276 Portland Ave",
        "diameter": 14.0,
        "diameter_bucket": "12-24 in"
      }
    },
    {
      "type": "Feature",
      "geometry": {
        "type": "Point",
        "coordinates": [
          -122.67751089603449,
          45.527108052223966
        ]
      },
      "properties": {
        "id": 278,
        "species": "Douglas Fir",
        "condition": "Excellent",
        "neighborhood": "Downtown",
        "address": "1277 Portland Ave",
        "diameter": 10.0,
        "diameter_bucket": "6-12 in"
      }
    },
    {
      "type": "Feature",
      "geometry": {
        "type": "Point",
        "coordinates": [
          -122.68608546222794,
          45.521217714007115
        ]
      },
      "properties": {
        "id": 279,
        "species": "Dogwood",
        "condition": "Excellent",
        "neighborhood": "Downtown",
        "address": "1278 Portland Ave",
        "diameter": 24.0,
        "diameter_bucket": "24+ in"
      }
    },
    {
      "type": "Feature",
      "geometry": {
        "type": "Point",
        "coordinates": [
          -122.63850956480918,
          45.522876961167334
        ]
      },
      "properties": {
        "id": 280,
        "species": "Red Oak",
        "condition": "Fair",
        "neighborhood": "Buckman",
        "address": "1279 Portland Ave",
        "diameter": 10.0,
        "diameter_bucket": "6-12 in"
      }
    },
    {
      "type": "Feature",
      "geometry": {
        "type": "Point",
        "coordinates": [
          -122.60651059065509,
          45.50082177972528
        ]
      },
      "properties": {
        "id": 281,
        "species": "Western Red Cedar",
        "condition": "Excellent",
        "neighborhood": "Montavilla",
        "address": "1280 Portland Ave",
        "diameter": null,
        "diameter_bucket": "Unknown"
      }
    },
    {
      "type": "Feature",
      "geometry": {
        "type": "Point",
        "coordinates": [
          -122.66992934826428,
          45.53089414983729
        ]
      },
      "properties": {
        "id": 282,
        "species": "Cherry",
        "condition": "Poor",
        "neighborhood": "Downtown",
        "address": "1281 Portland Ave",
        "diameter": null,
        "diameter_bucket": "Unknown"
      }
    },
    {
      "type": "Feature",
      "geometry": {
        "type": "Point",
        "coordinates": [
          -122.70070857180465,
          45.525539130761615
        ]
      },
      "properties": {
        "id": 283,
        "species": "Western Red Cedar",
        "condition": "Good",
        "neighborhood": "Northwest",
        "address": "1282 Portland Ave",
        "diameter": null,
        "diameter_bucket": "Unknown"
      }
    },
    {
      "type": "Feature",
      "geometry": {
        "type": "Point",
        "coordinates": [
          -122.60500980633893,
          45.513171326774724
        ]
      },
      "properties": {
        "id": 284,
        "species": "Cherry",
        "condition": "Good",
        "neighborhood": "Montavilla",
        "address": "1283 Portland Ave",
        "diameter": 10.0,
        "diameter_bucket": "6-12 in"
      }
    },
    {
      "type": "Feature",
      "geometry": {
        "type": "Point",
        "coordinates": [
          -122.6882761407464,
          45.521347995198624
        ]
      },
      "properties": {
        "id": 285,
        "species": "Dogwood",
        "condition": "Excellent",
        "neighborhood": "Downtown",
        "address": "1284 Portland Ave",
        "diameter": 7.0,
        "diameter_bucket": "6-12 in"
      }
    },
    {
      "type": "Feature",
      "geometry": {
        "type": "Point",
        "coordinates": [
          -122.68040475628274,
          45.50636917956854
        ]
      },
      "properties": {
        "id": 286,
        "species": "Bigleaf Maple",
        "condition": "Fair",
        "neighborhood": "Lair Hill",
        "address": "1285 Portland Ave",
        "diameter": 14.0,
        "diameter_bucket": "12-24 in"
      }
    },
    {
      "type": "Feature",
      "geometry": {
        "type": "Point",
        "coordinates": [
          -122.7125021520395,
          45.5756053781648
        ]
      },
      "properties": {
        "id": 287,
        "species": "Bigleaf Maple",
        "condition": "Fair",
        "neighborhood": "St. Johns",
        "address": "1286 Portland Ave",
        "diameter": 10.0,
        "diameter_bucket": "6-12 in"
      }
    },
    {
      "type": "Feature",
      "geometry": {
        "type": "Point",
        "coordinates": [
          -122.69662026583387,
          45.53223543936526
        ]
      },
      "properties": {
        "id": 288,
        "species": "Cherry",
        "condition": "Poor",
        "neighborhood": "Northwest",
        "address": "1287 Portland Ave",
        "diameter": 18.0,
        "diameter_bucket": "12-24 in"
      }
    },
    {
      "type": "Feature",
      "geometry": {
        "type": "Point",
        "coordinates": [
          -122.68822637676111,
          45.52831304256296
        ]
      },
      "properties": {
        "id": 289,
        "species": "Bigleaf Maple",
        "condition": "Excellent",
        "neighborhood": "Downtown",
        "address": "1288 Portland Ave",
        "diameter": 30.0,
        "diameter_bucket": "24+ in"
      }
    },
    {
      "type": "Feature",
      "geometry": {
        "type": "Point",
        "coordinates": [
          -122.6250971362294,
          45.55449987549712
        ]
      },
      "properties": {
        "id": 290,
        "species": "Cherry",
        "condition": "Excellent",
        "neighborhood": "Alberta Arts",
        "address": "1289 Portland Ave",
        "diameter": 24.0,
        "diameter_bucket": "24+ in"
      }
    },
    {
      "type": "Feature",
      "geometry": {
        "type": "Point",
        "coordinates": [
          -122.64703360448384,
          45.479570239098365
        ]
      },
      "properties": {
        "id": 291,
        "species": "Cherry",
        "condition": "Good",
        "neighborhood": "Sellwood",
        "address": "1290 Portland Ave",
        "diameter": 10.0,
        "diameter_bucket": "6-12 in"
      }
    },
    {
      "type": "Feature",
      "geometry": {
        "type": "Point",
        "coordinates": [
          -122.69452267029928,
          45.53391837430368
        ]
      },
      "properties": {
        "id": 292,
        "species": "Dogwood",
        "condition": "Poor",
        "neighborhood": "Northwest",
        "address": "1291 Portland Ave",
        "diameter": null,
        "diameter_bucket": "Unknown"
      }
    },
    {
      "type": "Feature",
      "geometry": {
        "type": "Point",
        "coordinates": [
          -122.59613386721404,
          45.51867423989527
        ]
      },
      "properties": {
        "id": 293,
        "species": "Red Oak",
        "condition": "Fair",
        "neighborhood": "Montavilla",
        "address": "1292 Portland Ave",
        "diameter": 18.0,
        "diameter_bucket": "12-24 in"
      }
    },
    {
      "type": "Feature",
      "geometry": {
        "type": "Point",
        "coordinates": [
          -122.61612517130656,
          45.54845530735645
        ]
      },
      "properties": {
        "id": 294,
        "species": "Dogwood",
        "condition": "Fair",
        "neighborhood": "Alberta Arts",
        "address": "1293 Portland Ave",
        "diameter": 4.0,
        "diameter_bucket": "<6 in"
      }
    },
    {
      "type": "Feature",
      "geometry": {
        "type": "Point",
        "coordinates": [
          -122.64459365423,
          45.518427295416465
        ]
      },
      "properties": {
        "id": 295,
        "species": "Cherry",
        "condition": "Good",
        "neighborhood": "Buckman",
        "address": "1294 Portland Ave",
        "diameter": 30.0,
        "diameter_bucket": "24+ in"
      }
    },
    {
      "type": "Feature",
      "geometry": {
        "type": "Point",
        "coordinates": [
          -122.59255723003659,
          45.5164357270079
        ]
      },
      "properties": {
        "id": 296,
        "species": "Douglas Fir",
        "condition": "Poor",
        "neighborhood": "Montavilla",
        "address": "1295 Portland Ave",
        "diameter": 18.0,
        "diameter_bucket": "12-24 in"
      }
    },
    {
      "type": "Feature",
      "geometry": {
        "type": "Point",
        "coordinates": [
          -122.68206744776562,
          45.51881662114794
        ]
      },
      "properties": {
        "id": 297,
        "species": "Douglas Fir",
        "condition": "Excellent",
        "neighborhood": "Downtown",
        "address": "1296 Portland Ave",
        "diameter": 18.0,
        "diameter_bucket": "12-24 in"
      }
    },
    {
      "type": "Feature",
      "geometry": {
        "type": "Point",
        "coordinates": [
          -122.63118707621226,
          45.52348205796908
        ]
      },
      "properties": {
        "id": 298,
        "species": "Western Red Cedar",
        "condition": "Good",
        "neighborhood": "Buckman",
        "address": "1297 Portland Ave",
        "diameter": 18.0,
        "diameter_bucket": "12-24 in"
      }
    },
    {
      "type": "Feature",
      "geometry": {
        "type": "Point",
        "coordinates": [
          -122.71495847459913,
          45.56632447788737
        ]
      },
      "properties": {
        "id": 299,
        "species": "Western Red Cedar",
        "condition": "Poor",
        "neighborhood": "St. Johns",
        "address": "1298 Portland Ave",
        "diameter": 30.0,
        "diameter_bucket": "24+ in"
      }
    },
    {
      "type": "Feature",
      "geometry": {
        "type": "Point",
        "coordinates": [
          -122.66616742552547,
          45.504404564037955
        ]
      },
      "properties": {
        "id": 300,
        "species": "Douglas Fir",
        "condition": "Fair",
        "neighborhood": "Lair Hill",
        "address": "1299 Portland Ave",
        "diameter": 4.0,
        "diameter_bucket": "<6 in"
      }
    },
    {
      "type": "Feature",
      "geometry": {
        "type": "Point",
        "coordinates": [
          -122.60204193343056,
          45.51116775018722
        ]
      },
      "properties": {
        "id": 301,
        "species": "Red Oak",
        "condition": "Excellent",
        "neighborhood": "Montavilla",
        "address": "1300 Portland Ave",
        "diameter": 30.0,
        "diameter_bucket": "24+ in"
      }
    },
    {
      "type": "Feature",
      "geometry": {
        "type": "Point",
        "coordinates": [
          -122.70413235316158,
          45.570973485783526
        ]
      },
      "properties": {
        "id": 302,
        "species": "Red Oak",
        "condition": "Excellent",
        "neighborhood": "St. Johns",
        "address": "1301 Portland Ave",
        "diameter": 14.0,
        "diameter_bucket": "12-24 in"
      }
    },
    {
      "type": "Feature",
      "geometry": {
        "type": "Point",
        "coordinates": [
          -122.58547370154984,
          45.51391017029066
        ]
      },
      "properties": {
        "id": 303,
        "species": "Western Red Cedar",
        "condition": "Fair",
        "neighborhood": "Montavilla",
        "address": "1302 Portland Ave",
        "diameter": null,
        "diameter_bucket": "Unknown"
      }
    },
    {
      "type": "Feature",
      "geometry": {
        "type": "Point",
        "coordinates": [
          -122.67888446311494,
          45.49003963414658
        ]
      },
      "properties": {
        "id": 304,
        "species": "Douglas Fir",
        "condition": "Fair",
        "neighborhood": "Lair Hill",
        "address": "1303 Portland Ave",
        "diameter": 24.0,
        "diameter_bucket": "24+ in"
      }
    },
    {
      "type": "Feature",
      "geometry": {
        "type": "Point",
        "coordinates": [
          -122.65208678319628,
          45.46645979101294
        ]
      },
      "properties": {
        "id": 305,
        "species": "Douglas Fir",
        "condition": "Good",
        "neighborhood": "Sellwood",
        "address": "1304 Portland Ave",
        "diameter": 4.0,
        "diameter_bucket": "<6 in"
      }
    },
    {
      "type": "Feature",
      "geometry": {
        "type": "Point",
        "coordinates": [
          -122.71445316147118,
          45.566976969993064
        ]
      },
      "properties": {
        "id": 306,
        "species": "Dogwood",
        "condition": "Poor",
        "neighborhood": "St. Johns",
        "address": "1305 Portland Ave",
        "diameter": 7.0,
        "diameter_bucket": "6-12 in"
      }
    },
    {
      "type": "Feature",
      "geometry": {
        "type": "Point",
        "coordinates": [
          -122.6512713891247,
          45.51157894717405
        ]
      },
      "properties": {
        "id": 307,
        "species": "Red Oak",
        "condition": "Excellent",
        "neighborhood": "Buckman",
        "address": "1306 Portland Ave",
        "diameter": 7.0,
        "diameter_bucket": "6-12 in"
      }
    },
    {
      "type": "Feature",
      "geometry": {
        "type": "Point",
        "coordinates": [
          -122.66760150643599,
          45.516011450682356
        ]
      },
      "properties": {
        "id": 308,
        "species": "Western Red Cedar",
        "condition": "Poor",
        "neighborhood": "Downtown",
        "address": "1307 Portland Ave",
        "diameter": 14.0,
        "diameter_bucket": "12-24 in"
      }
    },
    {
      "type": "Feature",
      "geometry": {
        "type": "Point",
        "coordinates": [
          -122.63278421221507,
          45.56921188797578
        ]
      },
      "properties": {
        "id": 309,
        "species": "Bigleaf Maple",
        "condition": "Poor",
        "neighborhood": "Alberta Arts",
        "address": "1308 Portland Ave",
        "diameter": 10.0,
        "diameter_bucket": "6-12 in"
      }
    },
    {
      "type": "Feature",
      "geometry": {
        "type": "Point",
        "coordinates": [
          -122.63136776378137,
          45.56724992097101
        ]
      },
      "properties": {
        "id": 310,
        "species": "Douglas Fir",
        "condition": "Poor",
        "neighborhood": "Alberta Arts",
        "address": "1309 Portland Ave",
        "diameter": 7.0,
        "diameter_bucket": "6-12 in"
      }
    },
    {
      "type": "Feature",
      "geometry": {
        "type": "Point",
        "coordinates": [
          -122.67512287407465,
          45.51232394008067
        ]
      },
      "properties": {
        "id": 311,
        "species": "Dogwood",
        "condition": "Poor",
        "neighborhood": "Downtown",
        "address": "1310 Portland Ave",
        "diameter": null,
        "diameter_bucket": "Unknown"
      }
    },
    {
      "type": "Feature",
      "geometry": {
        "type": "Point",
        "coordinates": [
          -122.6946437902336,
          45.54591128569807
        ]
      },
      "properties": {
        "id": 312,
        "species": "Bigleaf Maple",
        "condition": "Excellent",
        "neighborhood": "Northwest",
        "address": "1311 Portland Ave",
        "diameter": 18.0,
        "diameter_bucket": "12-24 in"
      }
    },
    {
      "type": "Feature",
      "geometry": {
        "type": "Point",
        "coordinates": [
          -122.64912480865304,
          45.470347428292015
        ]
      },
      "properties": {
        "id": 313,
        "species": "Dogwood",
        "condition": "Poor",
        "neighborhood": "Sellwood",
        "address": "1312 Portland Ave",
        "diameter": 10.0,
        "diameter_bucket": "6-12 in"
      }
    },
    {
      "type": "Feature",
      "geometry": {
        "type": "Point",
        "coordinates": [
          -122.70809813362972,
          45.57839266618962
        ]
      },
      "properties": {
        "id": 314,
        "species": "Douglas Fir",
        "condition": "Good",
        "neighborhood": "St. Johns",
        "address": "1313 Portland Ave",
        "diameter": 10.0,
        "diameter_bucket": "6-12 in"
      }
    },
    {
      "type": "Feature",
      "geometry": {
        "type": "Point",
        "coordinates": [
          -122.66591198235416,
          45.533701128445124
        ]
      },
      "properties": {
        "id": 315,
        "species": "Bigleaf Maple",
        "condition": "Excellent",
        "neighborhood": "Downtown",
        "address": "1314 Portland Ave",
        "diameter": 4.0,
        "diameter_bucket": "<6 in"
      }
    },
    {
      "type": "Feature",
      "geometry": {
        "type": "Point",
        "coordinates": [
          -122.62246940152534,
          45.565872957738634
        ]
      },
      "properties": {
        "id": 316,
        "species": "Dogwood",
        "condition": "Poor",
        "neighborhood": "Alberta Arts",
        "address": "1315 Portland Ave",
        "diameter": 4.0,
        "diameter_bucket": "<6 in"
      }
    },
    {
      "type": "Feature",
      "geometry": {
        "type": "Point",
        "coordinates": [
          -122.6918811820735,
          45.52867514158207
        ]
      },
      "properties": {
        "id": 317,
        "species": "Douglas Fir",
        "condition": "Fair",
        "neighborhood": "Northwest",
        "address": "1316 Portland Ave",
        "diameter": null,
        "diameter_bucket": "Unknown"
      }
    },
    {
      "type": "Feature",
      "geometry": {
        "type": "Point",
        "coordinates": [
          -122.70107948775464,
          45.536497408996325
        ]
      },
      "properties": {
        "id": 318,
        "species": "Cherry",
        "condition": "Excellent",
        "neighborhood": "Northwest",
        "address": "1317 Portland Ave",
        "diameter": 24.0,
        "diameter_bucket": "24+ in"
      }
    },
    {
      "type": "Feature",
      "geometry": {
        "type": "Point",
        "coordinates": [
          -122.70640676404741,
          45.56711150553857
        ]
      },
      "properties": {
        "id": 319,
        "species": "Douglas Fir",
        "condition": "Excellent",
        "neighborhood": "St. Johns",
        "address": "1318 Portland Ave",
        "diameter": null,
        "diameter_bucket": "Unknown"
      }
    },
    {
      "type": "Feature",
      "geometry": {
        "type": "Point",
        "coordinates": [
          -122.67973305184941,
          45.50467238319564
        ]
      },
      "properties": {
        "id": 320,
        "species": "Douglas Fir",
        "condition": "Excellent",
        "neighborhood": "Lair Hill",
        "address": "1319 Portland Ave",
        "diameter": 24.0,
        "diameter_bucket": "24+ in"
      }
    },
    {
      "type": "Feature",
      "geometry": {
        "type": "Point",
        "coordinates": [
          -122.62900910620148,
          45.52267956312547
        ]
      },
      "properties": {
        "id": 321,
        "species": "Cherry",
        "condition": "Excellent",
        "neighborhood": "Buckman",
        "address": "1320 Portland Ave",
        "diameter": 7.0,
        "diameter_bucket": "6-12 in"
      }
    },
    {
      "type": "Feature",
      "geometry": {
        "type": "Point",
        "coordinates": [
          -122.70925842651909,
          45.58133547043916
        ]
      },
      "properties": {
        "id": 322,
        "species": "Douglas Fir",
        "condition": "Poor",
        "neighborhood": "St. Johns",
        "address": "1321 Portland Ave",
        "diameter": 7.0,
        "diameter_bucket": "6-12 in"
      }
    },
    {
      "type": "Feature",
      "geometry": {
        "type": "Point",
        "coordinates": [
          -122.65918037848424,
          45.46022642927146
        ]
      },
      "properties": {
        "id": 323,
        "species": "Bigleaf Maple",
        "condition": "Good",
        "neighborhood": "Sellwood",
        "address": "1322 Portland Ave",
        "diameter": null,
        "diameter_bucket": "Unknown"
      }
    },
    {
      "type": "Feature",
      "geometry": {
        "type": "Point",
        "coordinates": [
          -122.64841459227806,
          45.51453530464245
        ]
      },
      "properties": {
        "id": 324,
        "species": "Cherry",
        "condition": "Poor",
        "neighborhood": "Buckman",
        "address": "1323 Portland Ave",
        "diameter": 14.0,
        "diameter_bucket": "12-24 in"
      }
    },
    {
      "type": "Feature",
      "geometry": {
        "type": "Point",
        "coordinates": [
          -122.63829623153694,
          45.5046100811847
        ]
      },
      "properties": {
        "id": 325,
        "species": "Red Oak",
        "condition": "Fair",
        "neighborhood": "Buckman",
        "address": "1324 Portland Ave",
        "diameter": 10.0,
        "diameter_bucket": "6-12 in"
      }
    },
    {
      "type": "Feature",
      "geometry": {
        "type": "Point",
        "coordinates": [
          -122.63186639551111,
          45.558784166415194
        ]
      },
      "properties": {
        "id": 326,
        "species": "Cherry",
        "condition": "Excellent",
        "neighborhood": "Alberta Arts",
        "address": "1325 Portland Ave",
        "diameter": 10.0,
        "diameter_bucket": "6-12 in"
      }
    },
    {
      "type": "Feature",
      "geometry": {
        "type": "Point",
        "coordinates": [
          -122.66959749001236,
          45.52624401815445
        ]
      },
      "properties": {
        "id": 327,
        "species": "Douglas Fir",
        "condition": "Poor",
        "neighborhood": "Downtown",
        "address": "1326 Portland Ave",
        "diameter": 18.0,
        "diameter_bucket": "12-24 in"
      }
    },
    {
      "type": "Feature",
      "geometry": {
        "type": "Point",
        "coordinates": [
          -122.7051610760741,
          45.531387035397564
        ]
      },
      "properties": {
        "id": 328,
        "species": "Red Oak",
        "condition": "Poor",
        "neighborhood": "Northwest",
        "address": "1327 Portland Ave",
        "diameter": 18.0,
        "diameter_bucket": "12-24 in"
      }
    },
    {
      "type": "Feature",
      "geometry": {
        "type": "Point",
        "coordinates": [
          -122.68115844361958,
          45.50770191453186
        ]
      },
      "properties": {
        "id": 329,
        "species": "Red Oak",
        "condition": "Poor",
        "neighborhood": "Lair Hill",
        "address": "1328 Portland Ave",
        "diameter": 10.0,
        "diameter_bucket": "6-12 in"
      }
    },
    {
      "type": "Feature",
      "geometry": {
        "type": "Point",
        "coordinates": [
          -122.66501521957633,
          45.531075756596294
        ]
      },
      "properties": {
        "id": 330,
        "species": "Douglas Fir",
        "condition": "Excellent",
        "neighborhood": "Downtown",
        "address": "1329 Portland Ave",
        "diameter": null,
        "diameter_bucket": "Unknown"
      }
    },
    {
      "type": "Feature",
      "geometry": {
        "type": "Point",
        "coordinates": [
          -122.65386780232157,
          45.46905882622126
        ]
      },
      "properties": {
        "id": 331,
        "species": "Western Red Cedar",
        "condition": "Fair",
        "neighborhood": "Sellwood",
        "address": "1330 Portland Ave",
        "diameter": 10.0,
        "diameter_bucket": "6-12 in"
      }
    },
    {
      "type": "Feature",
      "geometry": {
        "type": "Point",
        "coordinates": [
          -122.64261244695027,
          45.46724598514567
        ]
      },
      "properties": {
        "id": 332,
        "species": "Douglas Fir",
        "condition": "Fair",
        "neighborhood": "Sellwood",
        "address": "1331 Portland Ave",
        "diameter": 10.0,
        "diameter_bucket": "6-12 in"
      }
    },
    {
      "type": "Feature",
      "geometry": {
        "type": "Point",
        "coordinates": [
          -122.63948033438257,
          45.52424091467502
        ]
      },
      "properties": {
        "id": 333,
        "species": "Douglas Fir",
        "condition": "Good",
        "neighborhood": "Buckman",
        "address": "1332 Portland Ave",
        "diameter": 14.0,
        "diameter_bucket": "12-24 in"
      }
    },
    {
      "type": "Feature",
      "geometry": {
        "type": "Point",
        "coordinates": [
          -122.6886561925515,
          45.54509530129803
        ]
      },
      "properties": {
        "id": 334,
        "species": "Dogwood",
        "condition": "Poor",
        "neighborhood": "Northwest",
        "address": "1333 Portland Ave",
        "diameter": 18.0,
        "diameter_bucket": "12-24 in"
      }
    },
    {
      "type": "Feature",
      "geometry": {
        "type": "Point",
        "coordinates": [
          -122.63730160033646,
          45.508944765890305
        ]
      },
      "properties": {
        "id": 335,
        "species": "Dogwood",
        "condition": "Good",
        "neighborhood": "Buckman",
        "address": "1334 Portland Ave",
        "diameter": 18.0,
        "diameter_bucket": "12-24 in"
      }
    },
    {
      "type": "Feature",
      "geometry": {
        "type": "Point",
        "coordinates": [
          -122.66688616852771,
          45.485740872394864
        ]
      },
      "properties": {
        "id": 336,
        "species": "Western Red Cedar",
        "condition": "Poor",
        "neighborhood": "Lair Hill",
        "address": "1335 Portland Ave",
        "diameter": 4.0,
        "diameter_bucket": "<6 in"
      }
    },
    {
      "type": "Feature",
      "geometry": {
        "type": "Point",
        "coordinates": [
          -122.64429421091572,
          45.46484526560577
        ]
      },
      "properties": {
        "id": 337,
        "species": "Cherry",
        "condition": "Excellent",
        "neighborhood": "Sellwood",
        "address": "1336 Portland Ave",
        "diameter": 4.0,
        "diameter_bucket": "<6 in"
      }
    },
    {
      "type": "Feature",
      "geometry": {
        "type": "Point",
        "coordinates": [
          -122.59556125578881,
          45.5218451831513
        ]
      },
      "properties": {
        "id": 338,
        "species": "Dogwood",
        "condition": "Fair",
        "neighborhood": "Montavilla",
        "address": "1337 Portland Ave",
        "diameter": 14.0,
        "diameter_bucket": "12-24 in"
      }
    },
    {
      "type": "Feature",
      "geometry": {
        "type": "Point",
        "coordinates": [
          -122.62834287869326,
          45.51751506254046
        ]
      },
      "properties": {
        "id": 339,
        "species": "Bigleaf Maple",
        "condition": "Good",
        "neighborhood": "Buckman",
        "address": "1338 Portland Ave",
        "diameter": 24.0,
        "diameter_bucket": "24+ in"
      }
    },
    {
      "type": "Feature",
      "geometry": {
        "type": "Point",
        "coordinates": [
          -122.6661291461386,
          45.51964776516911
        ]
      },
      "properties": {
        "id": 340,
        "species": "Western Red Cedar",
        "condition": "Excellent",
        "neighborhood": "Downtown",
        "address": "1339 Portland Ave",
        "diameter": 7.0,
        "diameter_bucket": "6-12 in"
      }
    },
    {
      "type": "Feature",
      "geometry": {
        "type": "Point",
        "coordinates": [
          -122.64490314742982,
          45.47395015874709
        ]
      },
      "properties": {
        "id": 341,
        "species": "Red Oak",
        "condition": "Poor",
        "neighborhood": "Sellwood",
        "address": "1340 Portland Ave",
        "diameter": 4.0,
        "diameter_bucket": "<6 in"
      }
    },
    {
      "type": "Feature",
      "geometry": {
        "type": "Point",
        "coordinates": [
          -122.61660275237602,
          45.567947280306996
        ]
      },
      "properties": {
        "id": 342,
        "species": "Cherry",
        "condition": "Poor",
        "neighborhood": "Alberta Arts",
        "address": "1341 Portland Ave",
        "diameter": 4.0,
        "diameter_bucket": "<6 in"
      }
    },
    {
      "type": "Feature",
      "geometry": {
        "type": "Point",
        "coordinates": [
          -122.62878176914062,
          45.50449650733057
        ]
      },
      "properties": {
        "id": 343,
        "species": "Douglas Fir",
        "condition": "Good",
        "neighborhood": "Buckman",
        "address": "1342 Portland Ave",
        "diameter": 10.0,
        "diameter_bucket": "6-12 in"
      }
    },
    {
      "type": "Feature",
      "geometry": {
        "type": "Point",
        "coordinates": [
          -122.69667135438611,
          45.532685909685576
        ]
      },
      "properties": {
        "id": 344,
        "species": "Bigleaf Maple",
        "condition": "Excellent",
        "neighborhood": "Northwest",
        "address": "1343 Portland Ave",
        "diameter": 7.0,
        "diameter_bucket": "6-12 in"
      }
    },
    {
      "type": "Feature",
      "geometry": {
        "type": "Point",
        "coordinates": [
          -122.66340403540144,
          45.49177406311352
        ]
      },
      "properties": {
        "id": 345,
        "species": "Dogwood",
        "condition": "Poor",
        "neighborhood": "Lair Hill",
        "address": "1344 Portland Ave",
        "diameter": 14.0,
        "diameter_bucket": "12-24 in"
      }
    },
    {
      "type": "Feature",
      "geometry": {
        "type": "Point",
        "coordinates": [
          -122.69613137297144,
          45.56046874976469
        ]
      },
      "properties": {
        "id": 346,
        "species": "Dogwood",
        "condition": "Good",
        "neighborhood": "St. Johns",
        "address": "1345 Portland Ave",
        "diameter": 4.0,
        "diameter_bucket": "<6 in"
      }
    },
    {
      "type": "Feature",
      "geometry": {
        "type": "Point",
        "coordinates": [
          -122.62765379418387,
          45.549953179979
        ]
      },
      "properties": {
        "id": 347,
        "species": "Western Red Cedar",
        "condition": "Fair",
        "neighborhood": "Alberta Arts",
        "address": "1346 Portland Ave",
        "diameter": 7.0,
        "diameter_bucket": "6-12 in"
      }
    },
    {
      "type": "Feature",
      "geometry": {
        "type": "Point",
        "coordinates": [
          -122.68877348903352,
          45.52811703326803
        ]
      },
      "properties": {
        "id": 348,
        "species": "Western Red Cedar",
        "condition": "Good",
        "neighborhood": "Northwest",
        "address": "1347 Portland Ave",
        "diameter": 14.0,
        "diameter_bucket": "12-24 in"
      }
    },
    {
      "type": "Feature",
      "geometry": {
        "type": "Point",
        "coordinates": [
          -122.64091068671705,
          45.52005061475745
        ]
      },
      "properties": {
        "id": 349,
        "species": "Cherry",
        "condition": "Good",
        "neighborhood": "Buckman",
        "address": "1348 Portland Ave",
        "diameter": 4.0,
        "diameter_bucket": "<6 in"
      }
    },
    {
      "type": "Feature",
      "geometry": {
        "type": "Point",
        "coordinates": [
          -122.59267103454356,
          45.516652861670345
        ]
      },
      "properties": {
        "id": 350,
        "species": "Western Red Cedar",
        "condition": "Excellent",
        "neighborhood": "Montavilla",
        "address": "1349 Portland Ave",
        "diameter": 30.0,
        "diameter_bucket": "24+ in"
      }
    },
    {
      "type": "Feature",
      "geometry": {
        "type": "Point",
        "coordinates": [
          -122.68037483458507,
          45.52974577121078
        ]
      },
      "properties": {
        "id": 351,
        "species": "Douglas Fir",
        "condition": "Fair",
        "neighborhood": "Downtown",
        "address": "1350 Portland Ave",
        "diameter": 30.0,
        "diameter_bucket": "24+ in"
      }
    },
    {
      "type": "Feature",
      "geometry": {
        "type": "Point",
        "coordinates": [
          -122.6441568637679,
          45.476361036777604
        ]
      },
      "properties": {
        "id": 352,
        "species": "Bigleaf Maple",
        "condition": "Fair",
        "neighborhood": "Sellwood",
        "address": "1351 Portland Ave",
        "diameter": 10.0,
        "diameter_bucket": "6-12 in"
      }
    },
    {
      "type": "Feature",
      "geometry": {
        "type": "Point",
        "coordinates": [
          -122.65436873263184,
          45.46278282668659
        ]
      },
      "properties": {
        "id": 353,
        "species": "Dogwood",
        "condition": "Excellent",
        "neighborhood": "Sellwood",
        "address": "1352 Portland Ave",
        "diameter": 24.0,
        "diameter_bucket": "24+ in"
      }
    },
    {
      "type": "Feature",
      "geometry": {
        "type": "Point",
        "coordinates": [
          -122.70833765888374,
          45.53793915979639
        ]
      },
      "properties": {
        "id": 354,
        "species": "Cherry",
        "condition": "Good",
        "neighborhood": "Northwest",
        "address": "1353 Portland Ave",
        "diameter": 4.0,
        "diameter_bucket": "<6 in"
      }
    },
    {
      "type": "Feature",
      "geometry": {
        "type": "Point",
        "coordinates": [
          -122.66022729181104,
          45.48884576077832
        ]
      },
      "properties": {
        "id": 355,
        "species": "Cherry",
        "condition": "Excellent",
        "neighborhood": "Lair Hill",
        "address": "1354 Portland Ave",
        "diameter": 4.0,
        "diameter_bucket": "<6 in"
      }
    },
    {
      "type": "Feature",
      "geometry": {
        "type": "Point",
        "coordinates": [
          -122.67359777827279,
          45.53187456008939
        ]
      },
      "properties": {
        "id": 356,
        "species": "Dogwood",
        "condition": "Fair",
        "neighborhood": "Downtown",
        "address": "1355 Portland Ave",
        "diameter": 4.0,
        "diameter_bucket": "<6 in"
      }
    },
    {
      "type": "Feature",
      "geometry": {
        "type": "Point",
        "coordinates": [
          -122.69751267999166,
          45.531213947329825
        ]
      },
      "properties": {
        "id": 357,
        "species": "Cherry",
        "condition": "Good",
        "neighborhood": "Northwest",
        "address": "1356 Portland Ave",
        "diameter": 4.0,
        "diameter_bucket": "<6 in"
      }
    },
    {
      "type": "Feature",
      "geometry": {
        "type": "Point",
        "coordinates": [
          -122.6311587135826,
          45.549713051969775
        ]
      },
      "properties": {
        "id": 358,
        "species": "Douglas Fir",
        "condition": "Excellent",
        "neighborhood": "Alberta Arts",
        "address": "1357 Portland Ave",
        "diameter": 4.0,
        "diameter_bucket": "<6 in"
      }
    },
    {
      "type": "Feature",
      "geometry": {
        "type": "Point",
        "coordinates": [
          -122.625334044063,
          45.54902737745042
        ]
      },
      "properties": {
        "id": 359,
        "species": "Douglas Fir",
        "condition": "Poor",
        "neighborhood": "Alberta Arts",
        "address": "1358 Portland Ave",
        "diameter": 7.0,
        "diameter_bucket": "6-12 in"
      }
    },
    {
      "type": "Feature",
      "geometry": {
        "type": "Point",
        "coordinates": [
          -122.63002588384035,
          45.52524457102303
        ]
      },
      "properties": {
        "id": 360,
        "species": "Western Red Cedar",
        "condition": "Fair",
        "neighborhood": "Buckman",
        "address": "1359 Portland Ave",
        "diameter": 18.0,
        "diameter_bucket": "12-24 in"
      }
    },
    {
      "type": "Feature",
      "geometry": {
        "type": "Point",
        "coordinates": [
          -122.66573031403786,
          45.503162340299106
        ]
      },
      "properties": {
        "id": 361,
        "species": "Red Oak",
        "condition": "Poor",
        "neighborhood": "Lair Hill",
        "address": "1360 Portland Ave",
        "diameter": 14.0,
        "diameter_bucket": "12-24 in"
      }
    },
    {
      "type": "Feature",
      "geometry": {
        "type": "Point",
        "coordinates": [
          -122.58995136391518,
          45.504828604677066
        ]
      },
      "properties": {
        "id": 362,
        "species": "Cherry",
        "condition": "Fair",
        "neighborhood": "Montavilla",
        "address": "1361 Portland Ave",
        "diameter": null,
        "diameter_bucket": "Unknown"
      }
    },
    {
      "type": "Feature",
      "geometry": {
        "type": "Point",
        "coordinates": [
          -122.71625690378387,
          45.57765167218039
        ]
      },
      "properties": {
        "id": 363,
        "species": "Red Oak",
        "condition": "Good",
        "neighborhood": "St. Johns",
        "address": "1362 Portland Ave",
        "diameter": 14.0,
        "diameter_bucket": "12-24 in"
      }
    },
    {
      "type": "Feature",
      "geometry": {
        "type": "Point",
        "coordinates": [
          -122.5974850950816,
          45.52327053920967
        ]
      },
      "properties": {
        "id": 364,
        "species": "Red Oak",
        "condition": "Good",
        "neighborhood": "Montavilla",
        "address": "1363 Portland Ave",
        "diameter": 14.0,
        "diameter_bucket": "12-24 in"
      }
    },
    {
      "type": "Feature",
      "geometry": {
        "type": "Point",
        "coordinates": [
          -122.6527062235588,
          45.47015967671731
        ]
      },
      "properties": {
        "id": 365,
        "species": "Red Oak",
        "condition": "Good",
        "neighborhood": "Sellwood",
        "address": "1364 Portland Ave",
        "diameter": 18.0,
        "diameter_bucket": "12-24 in"
      }
    },
    {
      "type": "Feature",
      "geometry": {
        "type": "Point",
        "coordinates": [
          -122.68469439967554,
          45.52963108632954
        ]
      },
      "properties": {
        "id": 366,
        "species": "Bigleaf Maple",
        "condition": "Fair",
        "neighborhood": "Downtown",
        "address": "1365 Portland Ave",
        "diameter": null,
        "diameter_bucket": "Unknown"
      }
    },
    {
      "type": "Feature",
      "geometry": {
        "type": "Point",
        "coordinates": [
          -122.6684760793853,
          45.523507894501904
        ]
      },
      "properties": {
        "id": 367,
        "species": "Red Oak",
        "condition": "Excellent",
        "neighborhood": "Downtown",
        "address": "1366 Portland Ave",
        "diameter": 14.0,
        "diameter_bucket": "12-24 in"
      }
    },
    {
      "type": "Feature",
      "geometry": {
        "type": "Point",
        "coordinates": [
          -122.63596217262403,
          45.51400204277104
        ]
      },
      "properties": {
        "id": 368,
        "species": "Douglas Fir",
        "condition": "Good",
        "neighborhood": "Buckman",
        "address": "1367 Portland Ave",
        "diameter": 18.0,
        "diameter_bucket": "12-24 in"
      }
    },
    {
      "type": "Feature",
      "geometry": {
        "type": "Point",
        "coordinates": [
          -122.69216130538189,
          45.542930398808046
        ]
      },
      "properties": {
        "id": 369,
        "species": "Cherry",
        "condition": "Fair",
        "neighborhood": "Northwest",
        "address": "1368 Portland Ave",
        "diameter": 10.0,
        "diameter_bucket": "6-12 in"
      }
    },
    {
      "type": "Feature",
      "geometry": {
        "type": "Point",
        "coordinates": [
          -122.60689622865729,
          45.52089982344568
        ]
      },
      "properties": {
        "id": 370,
        "species": "Western Red Cedar",
        "condition": "Excellent",
        "neighborhood": "Montavilla",
        "address": "1369 Portland Ave",
        "diameter": null,
        "diameter_bucket": "Unknown"
      }
    },
    {
      "type": "Feature",
      "geometry": {
        "type": "Point",
        "coordinates": [
          -122.59327298477596,
          45.52310581838958
        ]
      },
      "properties": {
        "id": 371,
        "species": "Cherry",
        "condition": "Fair",
        "neighborhood": "Montavilla",
        "address": "1370 Portland Ave",
        "diameter": 7.0,
        "diameter_bucket": "6-12 in"
      }
    },
    {
      "type": "Feature",
      "geometry": {
        "type": "Point",
        "coordinates": [
          -122.59037655822195,
          45.52044044764977
        ]
      },
      "properties": {
        "id": 372,
        "species": "Red Oak",
        "condition": "Fair",
        "neighborhood": "Montavilla",
        "address": "1371 Portland Ave",
        "diameter": 18.0,
        "diameter_bucket": "12-24 in"
      }
    },
    {
      "type": "Feature",
      "geometry": {
        "type": "Point",
        "coordinates": [
          -122.65117156024061,
          45.46617642685046
        ]
      },
      "properties": {
        "id": 373,
        "species": "Cherry",
        "condition": "Fair",
        "neighborhood": "Sellwood",
        "address": "1372 Portland Ave",
        "diameter": 4.0,
        "diameter_bucket": "<6 in"
      }
    },
    {
      "type": "Feature",
      "geometry": {
        "type": "Point",
        "coordinates": [
          -122.70979945429846,
          45.56713617779804
        ]
      },
      "properties": {
        "id": 374,
        "species": "Western Red Cedar",
        "condition": "Fair",
        "neighborhood": "St. Johns",
        "address": "1373 Portland Ave",
        "diameter": 10.0,
        "diameter_bucket": "6-12 in"
      }
    },
    {
      "type": "Feature",
      "geometry": {
        "type": "Point",
        "coordinates": [
          -122.59304202278281,
          45.51381038726157
        ]
      },
      "properties": {
        "id": 375,
        "species": "Bigleaf Maple",
        "condition": "Fair",
        "neighborhood": "Montavilla",
        "address": "1374 Portland Ave",
        "diameter": 24.0,
        "diameter_bucket": "24+ in"
      }
    },
    {
      "type": "Feature",
      "geometry": {
        "type": "Point",
        "coordinates": [
          -122.67859657127163,
          45.50851031732425
        ]
      },
      "properties": {
        "id": 376,
        "species": "Cherry",
        "condition": "Excellent",
        "neighborhood": "Lair Hill",
        "address": "1375 Portland Ave",
        "diameter": 4.0,
        "diameter_bucket": "<6 in"
      }
    },
    {
      "type": "Feature",
      "geometry": {
        "type": "Point",
        "coordinates": [
          -122.6669985975926,
          45.517257168250964
        ]
      },
      "properties": {
        "id": 377,
        "species": "Red Oak",
        "condition": "Fair",
        "neighborhood": "Downtown",
        "address": "1376 Portland Ave",
        "diameter": 30.0,
        "diameter_bucket": "24+ in"
      }
    },
    {
      "type": "Feature",
      "geometry": {
        "type": "Point",
        "coordinates": [
          -122.59841491072642,
          45.50934842189507
        ]
      },
      "properties": {
        "id": 378,
        "species": "Western Red Cedar",
        "condition": "Fair",
        "neighborhood": "Montavilla",
        "address": "1377 Portland Ave",
        "diameter": null,
        "diameter_bucket": "Unknown"
      }
    },
    {
      "type": "Feature",
      "geometry": {
        "type": "Point",
        "coordinates": [
          -122.67589404191447,
          45.52733545302181
        ]
      },
      "properties": {
        "id": 379,
        "species": "Bigleaf Maple",
        "condition": "Poor",
        "neighborhood": "Downtown",
        "address": "1378 Portland Ave",
        "diameter": 24.0,
        "diameter_bucket": "24+ in"
      }
    },
    {
      "type": "Feature",
      "geometry": {
        "type": "Point",
        "coordinates": [
          -122.58471810372339,
          45.515564872067216
        ]
      },
      "properties": {
        "id": 380,
        "species": "Douglas Fir",
        "condition": "Good",
        "neighborhood": "Montavilla",
        "address": "1379 Portland Ave",
        "diameter": 30.0,
        "diameter_bucket": "24+ in"
      }
    },
    {
      "type": "Feature",
      "geometry": {
        "type": "Point",
        "coordinates": [
          -122.6985841265992,
          45.56763937969926
        ]
      },
      "properties": {
        "id": 381,
        "species": "Western Red Cedar",
        "condition": "Fair",
        "neighborhood": "St. Johns",
        "address": "1380 Portland Ave",
        "diameter": 7.0,
        "diameter_bucket": "6-12 in"
      }
    },
    {
      "type": "Feature",
      "geometry": {
        "type": "Point",
        "coordinates": [
          -122.64320021492628,
          45.512705205258975
        ]
      },
      "properties": {
        "id": 382,
        "species": "Bigleaf Maple",
        "condition": "Fair",
        "neighborhood": "Buckman",
        "address": "1381 Portland Ave",
        "diameter": 10.0,
        "diameter_bucket": "6-12 in"
      }
    },
    {
      "type": "Feature",
      "geometry": {
        "type": "Point",
        "coordinates": [
          -122.70292190688433,
          45.540942220680925
        ]
      },
      "properties": {
        "id": 383,
        "species": "Red Oak",
        "condition": "Poor",
        "neighborhood": "Northwest",
        "address": "1382 Portland Ave",
        "diameter": 10.0,
        "diameter_bucket": "6-12 in"
      }
    },
    {
      "type": "Feature",
      "geometry": {
        "type": "Point",
        "coordinates": [
          -122.63451293936284,
          45.56658790502159
        ]
      },
      "properties": {
        "id": 384,
        "species": "Douglas Fir",
        "condition": "Poor",
        "neighborhood": "Alberta Arts",
        "address": "1383 Portland Ave",
        "diameter": 10.0,
        "diameter_bucket": "6-12 in"
      }
    },
    {
      "type": "Feature",
      "geometry": {
        "type": "Point",
        "coordinates": [
          -122.67402493653776,
          45.52622235657542
        ]
      },
      "properties": {
        "id": 385,
        "species": "Red Oak",
        "condition": "Excellent",
        "neighborhood": "Downtown",
        "address": "1384 Portland Ave",
        "diameter": 30.0,
        "diameter_bucket": "24+ in"
      }
    },
    {
      "type": "Feature",
      "geometry": {
        "type": "Point",
        "coordinates": [
          -122.68113822912385,
          45.53000325605919
        ]
      },
      "properties": {
        "id": 386,
        "species": "Dogwood",
        "condition": "Excellent",
        "neighborhood": "Downtown",
        "address": "1385 Portland Ave",
        "diameter": 18.0,
        "diameter_bucket": "12-24 in"
      }
    },
    {
      "type": "Feature",
      "geometry": {
        "type": "Point",
        "coordinates": [
          -122.59293118947468,
          45.52021179087731
        ]
      },
      "properties": {
        "id": 387,
        "species": "Dogwood",
        "condition": "Excellent",
        "neighborhood": "Montavilla",
        "address": "1386 Portland Ave",
        "diameter": 14.0,
        "diameter_bucket": "12-24 in"
      }
    },
    {
      "type": "Feature",
      "geometry": {
        "type": "Point",
        "coordinates": [
          -122.63872200580234,
          45.515948671776464
        ]
      },
      "properties": {
        "id": 388,
        "species": "Red Oak",
        "condition": "Good",
        "neighborhood": "Buckman",
        "address": "1387 Portland Ave",
        "diameter": 14.0,
        "diameter_bucket": "12-24 in"
      }
    },
    {
      "type": "Feature",
      "geometry": {
        "type": "Point",
        "coordinates": [
          -122.6035115060526,
          45.51444180460957
        ]
      },
      "properties": {
        "id": 389,
        "species": "Western Red Cedar",
        "condition": "Excellent",
        "neighborhood": "Montavilla",
        "address": "1388 Portland Ave",
        "diameter": 4.0,
        "diameter_bucket": "<6 in"
      }
    },
    {
      "type": "Feature",
      "geometry": {
        "type": "Point",
        "coordinates": [
          -122.68725192936851,
          45.52702712170551
        ]
      },
      "properties": {
        "id": 390,
        "species": "Cherry",
        "condition": "Poor",
        "neighborhood": "Northwest",
        "address": "1389 Portland Ave",
        "diameter": 30.0,
        "diameter_bucket": "24+ in"
      }
    },
    {
      "type": "Feature",
      "geometry": {
        "type": "Point",
        "coordinates": [
          -122.6720704495125,
          45.526702406265585
        ]
      },
      "properties": {
        "id": 391,
        "species": "Western Red Cedar",
        "condition": "Fair",
        "neighborhood": "Downtown",
        "address": "1390 Portland Ave",
        "diameter": 10.0,
        "diameter_bucket": "6-12 in"
      }
    },
    {
      "type": "Feature",
      "geometry": {
        "type": "Point",
        "coordinates": [
          -122.67943404900439,
          45.49399227522769
        ]
      },
      "properties": {
        "id": 392,
        "species": "Red Oak",
        "condition": "Excellent",
        "neighborhood": "Lair Hill",
        "address": "1391 Portland Ave",
        "diameter": 7.0,
        "diameter_bucket": "6-12 in"
      }
    },
    {
      "type": "Feature",
      "geometry": {
        "type": "Point",
        "coordinates": [
          -122.64952393203039,
          45.46139966721234
        ]
      },
      "properties": {
        "id": 393,
        "species": "Bigleaf Maple",
        "condition": "Excellent",
        "neighborhood": "Sellwood",
        "address": "1392 Portland Ave",
        "diameter": 14.0,
        "diameter_bucket": "12-24 in"
      }
    },
    {
      "type": "Feature",
      "geometry": {
        "type": "Point",
        "coordinates": [
          -122.58396929239441,
          45.513983890848884
        ]
      },
      "properties": {
        "id": 394,
        "species": "Cherry",
        "condition": "Excellent",
        "neighborhood": "Montavilla",
        "address": "1393 Portland Ave",
        "diameter": 14.0,
        "diameter_bucket": "12-24 in"
      }
    },
    {
      "type": "Feature",
      "geometry": {
        "type": "Point",
        "coordinates": [
          -122.67967434973761,
          45.49084958774638
        ]
      },
      "properties": {
        "id": 395,
        "species": "Western Red Cedar",
        "condition": "Good",
        "neighborhood": "Lair Hill",
        "address": "1394 Portland Ave",
        "diameter": 24.0,
        "diameter_bucket": "24+ in"
      }
    },
    {
      "type": "Feature",
      "geometry": {
        "type": "Point",
        "coordinates": [
          -122.66891842929326,
          45.532672826659734
        ]
      },
      "properties": {
        "id": 396,
        "species": "Red Oak",
        "condition": "Poor",
        "neighborhood": "Downtown",
        "address": "1395 Portland Ave",
        "diameter": 18.0,
        "diameter_bucket": "12-24 in"
      }
    },
    {
      "type": "Feature",
      "geometry": {
        "type": "Point",
        "coordinates": [
          -122.71537937744088,
          45.58150899516637
        ]
      },
      "properties": {
        "id": 397,
        "species": "Dogwood",
        "condition": "Poor",
        "neighborhood": "St. Johns",
        "address": "1396 Portland Ave",
        "diameter": 14.0,
        "diameter_bucket": "12-24 in"
      }
    },
    {
      "type": "Feature",
      "geometry": {
        "type": "Point",
        "coordinates": [
          -122.58599261342673,
          45.50741978914713
        ]
      },
      "properties": {
        "id": 398,
        "species": "Cherry",
        "condition": "Excellent",
        "neighborhood": "Montavilla",
        "address": "1397 Portland Ave",
        "diameter": 14.0,
        "diameter_bucket": "12-24 in"
      }
    },
    {
      "type": "Feature",
      "geometry": {
        "type": "Point",
        "coordinates": [
          -122.7013984948315,
          45.5293632222241
        ]
      },
      "properties": {
        "id": 399,
        "species": "Douglas Fir",
        "condition": "Excellent",
        "neighborhood": "Northwest",
        "address": "1398 Portland Ave",
        "diameter": 18.0,
        "diameter_bucket": "12-24 in"
      }
    },
    {
      "type": "Feature",
      "geometry": {
        "type": "Point",
        "coordinates": [
          -122.6042427276966,
          45.5134768166595
        ]
      },
      "properties": {
        "id": 400,
        "species": "Western Red Cedar",
        "condition": "Poor",
        "neighborhood": "Montavilla",
        "address": "1399 Portland Ave",
        "diameter": 24.0,
        "diameter_bucket": "24+ in"
      }
    },
    {
      "type": "Feature",
      "geometry": {
        "type": "Point",
        "coordinates": [
          -122.58393051353873,
          45.5156307631252
        ]
      },
      "properties": {
        "id": 401,
        "species": "Cherry",
        "condition": "Fair",
        "neighborhood": "Montavilla",
        "address": "1400 Portland Ave",
        "diameter": 14.0,
        "diameter_bucket": "12-24 in"
      }
    },
    {
      "type": "Feature",
      "geometry": {
        "type": "Point",
        "coordinates": [
          -122.60019391530552,
          45.504588691794936
        ]
      },
      "properties": {
        "id": 402,
        "species": "Douglas Fir",
        "condition": "Poor",
        "neighborhood": "Montavilla",
        "address": "1401 Portland Ave",
        "diameter": 4.0,
        "diameter_bucket": "<6 in"
      }
    },
    {
      "type": "Feature",
      "geometry": {
        "type": "Point",
        "coordinates": [
          -122.63130589351567,
          45.562942586188065
        ]
      },
      "properties": {
        "id": 403,
        "species": "Douglas Fir",
        "condition": "Good",
        "neighborhood": "Alberta Arts",
        "address": "1402 Portland Ave",
        "diameter": 10.0,
        "diameter_bucket": "6-12 in"
      }
    },
    {
      "type": "Feature",
      "geometry": {
        "type": "Point",
        "coordinates": [
          -122.69692321059077,
          45.52991111010367
        ]
      },
      "properties": {
        "id": 404,
        "species": "Douglas Fir",
        "condition": "Poor",
        "neighborhood": "Northwest",
        "address": "1403 Portland Ave",
        "diameter": null,
        "diameter_bucket": "Unknown"
      }
    },
    {
      "type": "Feature",
      "geometry": {
        "type": "Point",
        "coordinates": [
          -122.67502995189133,
          45.489321328050124
        ]
      },
      "properties": {
        "id": 405,
        "species": "Dogwood",
        "condition": "Poor",
        "neighborhood": "Lair Hill",
        "address": "1404 Portland Ave",
        "diameter": 30.0,
        "diameter_bucket": "24+ in"
      }
    },
    {
      "type": "Feature",
      "geometry": {
        "type": "Point",
        "coordinates": [
          -122.67207710686239,
          45.49263408713656
        ]
      },
      "properties": {
        "id": 406,
        "species": "Douglas Fir",
        "condition": "Good",
        "neighborhood": "Lair Hill",
        "address": "1405 Portland Ave",
        "diameter": null,
        "diameter_bucket": "Unknown"
      }
    },
    {
      "type": "Feature",
      "geometry": {
        "type": "Point",
        "coordinates": [
          -122.62804993624793,
          45.52661009228941
        ]
      },
      "properties": {
        "id": 407,
        "species": "Western Red Cedar",
        "condition": "Poor",
        "neighborhood": "Buckman",
        "address": "1406 Portland Ave",
        "diameter": 24.0,
        "diameter_bucket": "24+ in"
      }
    },
    {
      "type": "Feature",
      "geometry": {
        "type": "Point",
        "coordinates": [
          -122.6712553462006,
          45.495199615170044
        ]
      },
      "properties": {
        "id": 408,
        "species": "Douglas Fir",
        "condition": "Excellent",
        "neighborhood": "Lair Hill",
        "address": "1407 Portland Ave",
        "diameter": 7.0,
        "diameter_bucket": "6-12 in"
      }
    },
    {
      "type": "Feature",
      "geometry": {
        "type": "Point",
        "coordinates": [
          -122.62114449315342,
          45.56466251959295
        ]
      },
      "properties": {
        "id": 409,
        "species": "Bigleaf Maple",
        "condition": "Good",
        "neighborhood": "Alberta Arts",
        "address": "1408 Portland Ave",
        "diameter": 18.0,
        "diameter_bucket": "12-24 in"
      }
    },
    {
      "type": "Feature",
      "geometry": {
        "type": "Point",
        "coordinates": [
          -122.68643511288857,
          45.52045843587709
        ]
      },
      "properties": {
        "id": 410,
        "species": "Douglas Fir",
        "condition": "Good",
        "neighborhood": "Downtown",
        "address": "1409 Portland Ave",
        "diameter": 24.0,
        "diameter_bucket": "24+ in"
      }
    },
    {
      "type": "Feature",
      "geometry": {
        "type": "Point",
        "coordinates": [
          -122.68088492845271,
          45.50140597132886
        ]
      },
      "properties": {
        "id": 411,
        "species": "Western Red Cedar",
        "condition": "Fair",
        "neighborhood": "Lair Hill",
        "address": "1410 Portland Ave",
        "diameter": 18.0,
        "diameter_bucket": "12-24 in"
      }
    },
    {
      "type": "Feature",
      "geometry": {
        "type": "Point",
        "coordinates": [
          -122.6760294590435,
          45.487081863829864
        ]
      },
      "properties": {
        "id": 412,
        "species": "Douglas Fir",
        "condition": "Fair",
        "neighborhood": "Lair Hill",
        "address": "1411 Portland Ave",
        "diameter": 10.0,
        "diameter_bucket": "6-12 in"
      }
    },
    {
      "type": "Feature",
      "geometry": {
        "type": "Point",
        "coordinates": [
          -122.59731892439525,
          45.50677673739598
        ]
      },
      "properties": {
        "id": 413,
        "species": "Cherry",
        "condition": "Good",
        "neighborhood": "Montavilla",
        "address": "1412 Portland Ave",
        "diameter": 18.0,
        "diameter_bucket": "12-24 in"
      }
    },
    {
      "type": "Feature",
      "geometry": {
        "type": "Point",
        "coordinates": [
          -122.63568900868904,
          45.50470977765916
        ]
      },
      "properties": {
        "id": 414,
        "species": "Dogwood",
        "condition": "Fair",
        "neighborhood": "Buckman",
        "address": "1413 Portland Ave",
        "diameter": 30.0,
        "diameter_bucket": "24+ in"
      }
    },
    {
      "type": "Feature",
      "geometry": {
        "type": "Point",
        "coordinates": [
          -122.67171803340986,
          45.52691752545305
        ]
      },
      "properties": {
        "id": 415,
        "species": "Douglas Fir",
        "condition": "Poor",
        "neighborhood": "Downtown",
        "address": "1414 Portland Ave",
        "diameter": 24.0,
        "diameter_bucket": "24+ in"
      }
    },
    {
      "type": "Feature",
      "geometry": {
        "type": "Point",
        "coordinates": [
          -122.70723443896695,
          45.52955976558175
        ]
      },
      "properties": {
        "id": 416,
        "species": "Western Red Cedar",
        "condition": "Good",
        "neighborhood": "Northwest",
        "address": "1415 Portland Ave",
        "diameter": 4.0,
        "diameter_bucket": "<6 in"
      }
    },
    {
      "type": "Feature",
      "geometry": {
        "type": "Point",
        "coordinates": [
          -122.60311168573546,
          45.50095996486101
        ]
      },
      "properties": {
        "id": 417,
        "species": "Douglas Fir",
        "condition": "Fair",
        "neighborhood": "Montavilla",
        "address": "1416 Portland Ave",
        "diameter": 10.0,
        "diameter_bucket": "6-12 in"
      }
    },
    {
      "type": "Feature",
      "geometry": {
        "type": "Point",
        "coordinates": [
          -122.5937437362115,
          45.51771976388202
        ]
      },
      "properties": {
        "id": 418,
        "species": "Dogwood",
        "condition": "Good",
        "neighborhood": "Montavilla",
        "address": "1417 Portland Ave",
        "diameter": 14.0,
        "diameter_bucket": "12-24 in"
      }
    },
    {
      "type": "Feature",
      "geometry": {
        "type": "Point",
        "coordinates": [
          -122.71088698173898,
          45.575199219617986
        ]
      },
      "properties": {
        "id": 419,
        "species": "Cherry",
        "condition": "Fair",
        "neighborhood": "St. Johns",
        "address": "1418 Portland Ave",
        "diameter": 4.0,
        "diameter_bucket": "<6 in"
      }
    },
    {
      "type": "Feature",
      "geometry": {
        "type": "Point",
        "coordinates": [
          -122.69136463999949,
          45.545222589760485
        ]
      },
      "properties": {
        "id": 420,
        "species": "Red Oak",
        "condition": "Excellent",
        "neighborhood": "Northwest",
        "address": "1419 Portland Ave",
        "diameter": 4.0,
        "diameter_bucket": "<6 in"
      }
    },
    {
      "type": "Feature",
      "geometry": {
        "type": "Point",
        "coordinates": [
          -122.68260886076841,
          45.5018456571301
        ]
      },
      "properties": {
        "id": 421,
        "species": "Red Oak",
        "condition": "Good",
        "neighborhood": "Lair Hill",
        "address": "1420 Portland Ave",
        "diameter": 24.0,
        "diameter_bucket": "24+ in"
      }
    },
    {
      "type": "Feature",
      "geometry": {
        "type": "Point",
        "coordinates": [
          -122.69214560793752,
          45.53521367146278
        ]
      },
      "properties": {
        "id": 422,
        "species": "Dogwood",
        "condition": "Good",
        "neighborhood": "Northwest",
        "address": "1421 Portland Ave",
        "diameter": 18.0,
        "diameter_bucket": "12-24 in"
      }
    },
    {
      "type": "Feature",
      "geometry": {
        "type": "Point",
        "coordinates": [
          -122.68720931248235,
          45.53357687777514
        ]
      },
      "properties": {
        "id": 423,
        "species": "Cherry",
        "condition": "Fair",
        "neighborhood": "Northwest",
        "address": "1422 Portland Ave",
        "diameter": null,
        "diameter_bucket": "Unknown"
      }
    },
    {
      "type": "Feature",
      "geometry": {
        "type": "Point",
        "coordinates": [
          -122.6835567443201,
          45.52733811227648
        ]
      },
      "properties": {
        "id": 424,
        "species": "Dogwood",
        "condition": "Good",
        "neighborhood": "Downtown",
        "address": "1423 Portland Ave",
        "diameter": null,
        "diameter_bucket": "Unknown"
      }
    },
    {
      "type": "Feature",
      "geometry": {
        "type": "Point",
        "coordinates": [
          -122.66663424435403,
          45.48654859029394
        ]
      },
      "properties": {
        "id": 425,
        "species": "Western Red Cedar",
        "condition": "Fair",
        "neighborhood": "Lair Hill",
        "address": "1424 Portland Ave",
        "diameter": 10.0,
        "diameter_bucket": "6-12 in"
      }
    },
    {
      "type": "Feature",
      "geometry": {
        "type": "Point",
        "coordinates": [
          -122.63669959648203,
          45.52726594444171
        ]
      },
      "properties": {
        "id": 426,
        "species": "Western Red Cedar",
        "condition": "Fair",
        "neighborhood": "Buckman",
        "address": "1425 Portland Ave",
        "diameter": 14.0,
        "diameter_bucket": "12-24 in"
      }
    },
    {
      "type": "Feature",
      "geometry": {
        "type": "Point",
        "coordinates": [
          -122.68016650347502,
          45.515133225421515
        ]
      },
      "properties": {
        "id": 427,
        "species": "Bigleaf Maple",
        "condition": "Good",
        "neighborhood": "Downtown",
        "address": "1426 Portland Ave",
        "diameter": 18.0,
        "diameter_bucket": "12-24 in"
      }
    },
    {
      "type": "Feature",
      "geometry": {
        "type": "Point",
        "coordinates": [
          -122.6350326523507,
          45.50727727741353
        ]
      },
      "properties": {
        "id": 428,
        "species": "Dogwood",
        "condition": "Poor",
        "neighborhood": "Buckman",
        "address": "1427 Portland Ave",
        "diameter": 14.0,
        "diameter_bucket": "12-24 in"
      }
    },
    {
      "type": "Feature",
      "geometry": {
        "type": "Point",
        "coordinates": [
          -122.66690339765935,
          45.48564111593641
        ]
      },
      "properties": {
        "id": 429,
        "species": "Douglas Fir",
        "condition": "Fair",
        "neighborhood": "Lair Hill",
        "address": "1428 Portland Ave",
        "diameter": 18.0,
        "diameter_bucket": "12-24 in"
      }
    },
    {
      "type": "Feature",
      "geometry": {
        "type": "Point",
        "coordinates": [
          -122.64859468646272,
          45.52523244769115
        ]
      },
      "properties": {
        "id": 430,
        "species": "Western Red Cedar",
        "condition": "Good",
        "neighborhood": "Buckman",
        "address": "1429 Portland Ave",
        "diameter": 24.0,
        "diameter_bucket": "24+ in"
      }
    },
    {
      "type": "Feature",
      "geometry": {
        "type": "Point",
        "coordinates": [
          -122.69174759090997,
          45.53835824426853
        ]
      },
      "properties": {
        "id": 431,
        "species": "Douglas Fir",
        "condition": "Good",
        "neighborhood": "Northwest",
        "address": "1430 Portland Ave",
        "diameter": null,
        "diameter_bucket": "Unknown"
      }
    },
    {
      "type": "Feature",
      "geometry": {
        "type": "Point",
        "coordinates": [
          -122.60425252198753,
          45.519948103107154
        ]
      },
      "properties": {
        "id": 432,
        "species": "Red Oak",
        "condition": "Excellent",
        "neighborhood": "Montavilla",
        "address": "1431 Portland Ave",
        "diameter": 24.0,
        "diameter_bucket": "24+ in"
      }
    },
    {
      "type": "Feature",
      "geometry": {
        "type": "Point",
        "coordinates": [
          -122.71555203576759,
          45.562954386420856
        ]
      },
      "properties": {
        "id": 433,
        "species": "Red Oak",
        "condition": "Fair",
        "neighborhood": "St. Johns",
        "address": "1432 Portland Ave",
        "diameter": 14.0,
        "diameter_bucket": "12-24 in"
      }
    },
    {
      "type": "Feature",
      "geometry": {
        "type": "Point",
        "coordinates": [
          -122.69924756497808,
          45.54203897226612
        ]
      },
      "properties": {
        "id": 434,
        "species": "Bigleaf Maple",
        "condition": "Good",
        "neighborhood": "Northwest",
        "address": "1433 Portland Ave",
        "diameter": 24.0,
        "diameter_bucket": "24+ in"
      }
    },
    {
      "type": "Feature",
      "geometry": {
        "type": "Point",
        "coordinates": [
          -122.7082885795314,
          45.56924782661841
        ]
      },
      "properties": {
        "id": 435,
        "species": "Douglas Fir",
        "condition": "Excellent",
        "neighborhood": "St. Johns",
        "address": "1434 Portland Ave",
        "diameter": 4.0,
        "diameter_bucket": "<6 in"
      }
    },
    {
      "type": "Feature",
      "geometry": {
        "type": "Point",
        "coordinates": [
          -122.6649842052906,
          45.522344279740835
        ]
      },
      "properties": {
        "id": 436,
        "species": "Cherry",
        "condition": "Excellent",
        "neighborhood": "Downtown",
        "address": "1435 Portland Ave",
        "diameter": 24.0,
        "diameter_bucket": "24+ in"
      }
    },
    {
      "type": "Feature",
      "geometry": {
        "type": "Point",
        "coordinates": [
          -122.62776696831762,
          45.54961125969501
        ]
      },
      "properties": {
        "id": 437,
        "species": "Cherry",
        "condition": "Poor",
        "neighborhood": "Alberta Arts",
        "address": "1436 Portland Ave",
        "diameter": 14.0,
        "diameter_bucket": "12-24 in"
      }
    },
    {
      "type": "Feature",
      "geometry": {
        "type": "Point",
        "coordinates": [
          -122.64243064062161,
          45.45699925117957
        ]
      },
      "properties": {
        "id": 438,
        "species": "Dogwood",
        "condition": "Fair",
        "neighborhood": "Sellwood",
        "address": "1437 Portland Ave",
        "diameter": 18.0,
        "diameter_bucket": "12-24 in"
      }
    },
    {
      "type": "Feature",
      "geometry": {
        "type": "Point",
        "coordinates": [
          -122.66556124144297,
          45.487375475312234
        ]
      },
      "properties": {
        "id": 439,
        "species": "Bigleaf Maple",
        "condition": "Poor",
        "neighborhood": "Lair Hill",
        "address": "1438 Portland Ave",
        "diameter": 10.0,
        "diameter_bucket": "6-12 in"
      }
    },
    {
      "type": "Feature",
      "geometry": {
        "type": "Point",
        "coordinates": [
          -122.61641145939146,
          45.555829306754895
        ]
      },
      "properties": {
        "id": 440,
        "species": "Western Red Cedar",
        "condition": "Good",
        "neighborhood": "Alberta Arts",
        "address": "1439 Portland Ave",
        "diameter": 7.0,
        "diameter_bucket": "6-12 in"
      }
    },
    {
      "type": "Feature",
      "geometry": {
        "type": "Point",
        "coordinates": [
          -122.63165983699929,
          45.564815755954406
        ]
      },
      "properties": {
        "id": 441,
        "species": "Douglas Fir",
        "condition": "Fair",
        "neighborhood": "Alberta Arts",
        "address": "1440 Portland Ave",
        "diameter": 24.0,
        "diameter_bucket": "24+ in"
      }
    },
    {
      "type": "Feature",
      "geometry": {
        "type": "Point",
        "coordinates": [
          -122.67027277906185,
          45.494344617510386
        ]
      },
      "properties": {
        "id": 442,
        "species": "Red Oak",
        "condition": "Fair",
        "neighborhood": "Lair Hill",
        "address": "1441 Portland Ave",
        "diameter": 14.0,
        "diameter_bucket": "12-24 in"
      }
    },
    {
      "type": "Feature",
      "geometry": {
        "type": "Point",
        "coordinates": [
          -122.67489513281535,
          45.5120900716735
        ]
      },
      "properties": {
        "id": 443,
        "species": "Dogwood",
        "condition": "Poor",
        "neighborhood": "Downtown",
        "address": "1442 Portland Ave",
        "diameter": 4.0,
        "diameter_bucket": "<6 in"
      }
    },
    {
      "type": "Feature",
      "geometry": {
        "type": "Point",
        "coordinates": [
          -122.67151127748535,
          45.49736511607581
        ]
      },
      "properties": {
        "id": 444,
        "species": "Douglas Fir",
        "condition": "Fair",
        "neighborhood": "Lair Hill",
        "address": "1443 Portland Ave",
        "diameter": 7.0,
        "diameter_bucket": "6-12 in"
      }
    },
    {
      "type": "Feature",
      "geometry": {
        "type": "Point",
        "coordinates": [
          -122.64807268611104,
          45.520511615972666
        ]
      },
      "properties": {
        "id": 445,
        "species": "Cherry",
        "condition": "Poor",
        "neighborhood": "Buckman",
        "address": "1444 Portland Ave",
        "diameter": 7.0,
        "diameter_bucket": "6-12 in"
      }
    },
    {
      "type": "Feature",
      "geometry": {
        "type": "Point",
        "coordinates": [
          -122.67699436631368,
          45.53151606636754
        ]
      },
      "properties": {
        "id": 446,
        "species": "Douglas Fir",
        "condition": "Fair",
        "neighborhood": "Downtown",
        "address": "1445 Portland Ave",
        "diameter": 4.0,
        "diameter_bucket": "<6 in"
      }
    },
    {
      "type": "Feature",
      "geometry": {
        "type": "Point",
        "coordinates": [
          -122.66797213265296,
          45.53127975448562
        ]
      },
      "properties": {
        "id": 447,
        "species": "Western Red Cedar",
        "condition": "Poor",
        "neighborhood": "Downtown",
        "address": "1446 Portland Ave",
        "diameter": 10.0,
        "diameter_bucket": "6-12 in"
      }
    },
    {
      "type": "Feature",
      "geometry": {
        "type": "Point",
        "coordinates": [
          -122.63817284163571,
          45.54872786110549
        ]
      },
      "properties": {
        "id": 448,
        "species": "Dogwood",
        "condition": "Poor",
        "neighborhood": "Alberta Arts",
        "address": "1447 Portland Ave",
        "diameter": 24.0,
        "diameter_bucket": "24+ in"
      }
    },
    {
      "type": "Feature",
      "geometry": {
        "type": "Point",
        "coordinates": [
          -122.69401349998306,
          45.53572864188113
        ]
      },
      "properties": {
        "id": 449,
        "species": "Douglas Fir",
        "condition": "Good",
        "neighborhood": "Northwest",
        "address": "1448 Portland Ave",
        "diameter": 30.0,
        "diameter_bucket": "24+ in"
      }
    },
    {
      "type": "Feature",
      "geometry": {
        "type": "Point",
        "coordinates": [
          -122.62020007928072,
          45.54710064496573
        ]
      },
      "properties": {
        "id": 450,
        "species": "Dogwood",
        "condition": "Fair",
        "neighborhood": "Alberta Arts",
        "address": "1449 Portland Ave",
        "diameter": 14.0,
        "diameter_bucket": "12-24 in"
      }
    },
    {
      "type": "Feature",
      "geometry": {
        "type": "Point",
        "coordinates": [
          -122.70923132803736,
          45.56004100397993
        ]
      },
      "properties": {
        "id": 451,
        "species": "Cherry",
        "condition": "Poor",
        "neighborhood": "St. Johns",
        "address": "1450 Portland Ave",
        "diameter": 10.0,
        "diameter_bucket": "6-12 in"
      }
    },
    {
      "type": "Feature",
      "geometry": {
        "type": "Point",
        "coordinates": [
          -122.59212313805554,
          45.52308363037272
        ]
      },
      "properties": {
        "id": 452,
        "species": "Bigleaf Maple",
        "condition": "Fair",
        "neighborhood": "Montavilla",
        "address": "1451 Portland Ave",
        "diameter": 18.0,
        "diameter_bucket": "12-24 in"
      }
    },
    {
      "type": "Feature",
      "geometry": {
        "type": "Point",
        "coordinates": [
          -122.59546242630664,
          45.522867445356006
        ]
      },
      "properties": {
        "id": 453,
        "species": "Dogwood",
        "condition": "Good",
        "neighborhood": "Montavilla",
        "address": "1452 Portland Ave",
        "diameter": 18.0,
        "diameter_bucket": "12-24 in"
      }
    },
    {
      "type": "Feature",
      "geometry": {
        "type": "Point",
        "coordinates": [
          -122.64929007923105,
          45.46952969726654
        ]
      },
      "properties": {
        "id": 454,
        "species": "Douglas Fir",
        "condition": "Good",
        "neighborhood": "Sellwood",
        "address": "1453 Portland Ave",
        "diameter": null,
        "diameter_bucket": "Unknown"
      }
    },
    {
      "type": "Feature",
      "geometry": {
        "type": "Point",
        "coordinates": [
          -122.69610228412651,
          45.528726033340774
        ]
      },
      "properties": {
        "id": 455,
        "species": "Western Red Cedar",
        "condition": "Poor",
        "neighborhood": "Northwest",
        "address": "1454 Portland Ave",
        "diameter": 24.0,
        "diameter_bucket": "24+ in"
      }
    },
    {
      "type": "Feature",
      "geometry": {
        "type": "Point",
        "coordinates": [
          -122.6739877650867,
          45.49905556007172
        ]
      },
      "properties": {
        "id": 456,
        "species": "Bigleaf Maple",
        "condition": "Good",
        "neighborhood": "Lair Hill",
        "address": "1455 Portland Ave",
        "diameter": 10.0,
        "diameter_bucket": "6-12 in"
      }
    },
    {
      "type": "Feature",
      "geometry": {
        "type": "Point",
        "coordinates": [
          -122.68080547692395,
          45.49865473259983
        ]
      },
      "properties": {
        "id": 457,
        "species": "Red Oak",
        "condition": "Excellent",
        "neighborhood": "Lair Hill",
        "address": "1456 Portland Ave",
        "diameter": 14.0,
        "diameter_bucket": "12-24 in"
      }
    },
    {
      "type": "Feature",
      "geometry": {
        "type": "Point",
        "coordinates": [
          -122.63405223490821,
          45.564018352357614
        ]
      },
      "properties": {
        "id": 458,
        "species": "Cherry",
        "condition": "Good",
        "neighborhood": "Alberta Arts",
        "address": "1457 Portland Ave",
        "diameter": 7.0,
        "diameter_bucket": "6-12 in"
      }
    },
    {
      "type": "Feature",
      "geometry": {
        "type": "Point",
        "coordinates": [
          -122.69369215969917,
          45.545636885489465
        ]
      },
      "properties": {
        "id": 459,
        "species": "Cherry",
        "condition": "Good",
        "neighborhood": "Northwest",
        "address": "1458 Portland Ave",
        "diameter": 7.0,
        "diameter_bucket": "6-12 in"
      }
    },
    {
      "type": "Feature",
      "geometry": {
        "type": "Point",
        "coordinates": [
          -122.6935369307294,
          45.536239699404874
        ]
      },
      "properties": {
        "id": 460,
        "species": "Western Red Cedar",
        "condition": "Good",
        "neighborhood": "Northwest",
        "address": "1459 Portland Ave",
        "diameter": 14.0,
        "diameter_bucket": "12-24 in"
      }
    },
    {
      "type": "Feature",
      "geometry": {
        "type": "Point",
        "coordinates": [
          -122.71371674328327,
          45.57659952004429
        ]
      },
      "properties": {
        "id": 461,
        "species": "Western Red Cedar",
        "condition": "Excellent",
        "neighborhood": "St. Johns",
        "address": "1460 Portland Ave",
        "diameter": 30.0,
        "diameter_bucket": "24+ in"
      }
    },
    {
      "type": "Feature",
      "geometry": {
        "type": "Point",
        "coordinates": [
          -122.68249828433719,
          45.48663333029253
        ]
      },
      "properties": {
        "id": 462,
        "species": "Dogwood",
        "condition": "Good",
        "neighborhood": "Lair Hill",
        "address": "1461 Portland Ave",
        "diameter": null,
        "diameter_bucket": "Unknown"
      }
    },
    {
      "type": "Feature",
      "geometry": {
        "type": "Point",
        "coordinates": [
          -122.63624571917785,
          45.54989290363325
        ]
      },
      "properties": {
        "id": 463,
        "species": "Bigleaf Maple",
        "condition": "Good",
        "neighborhood": "Alberta Arts",
        "address": "1462 Portland Ave",
        "diameter": 7.0,
        "diameter_bucket": "6-12 in"
      }
    },
    {
      "type": "Feature",
      "geometry": {
        "type": "Point",
        "coordinates": [
          -122.64660958078359,
          45.460832121783554
        ]
      },
      "properties": {
        "id": 464,
        "species": "Red Oak",
        "condition": "Excellent",
        "neighborhood": "Sellwood",
        "address": "1463 Portland Ave",
        "diameter": 18.0,
        "diameter_bucket": "12-24 in"
      }
    },
    {
      "type": "Feature",
      "geometry": {
        "type": "Point",
        "coordinates": [
          -122.69768365799118,
          45.530943198759495
        ]
      },
      "properties": {
        "id": 465,
        "species": "Western Red Cedar",
        "condition": "Fair",
        "neighborhood": "Northwest",
        "address": "1464 Portland Ave",
        "diameter": null,
        "diameter_bucket": "Unknown"
      }
    },
    {
      "type": "Feature",
      "geometry": {
        "type": "Point",
        "coordinates": [
          -122.68001737968332,
          45.53069708176919
        ]
      },
      "properties": {
        "id": 466,
        "species": "Red Oak",
        "condition": "Fair",
        "neighborhood": "Downtown",
        "address": "1465 Portland Ave",
        "diameter": 7.0,
        "diameter_bucket": "6-12 in"
      }
    },
    {
      "type": "Feature",
      "geometry": {
        "type": "Point",
        "coordinates": [
          -122.67229477186636,
          45.53330856688802
        ]
      },
      "properties": {
        "id": 467,
        "species": "Red Oak",
        "condition": "Fair",
        "neighborhood": "Downtown",
        "address": "1466 Portland Ave",
        "diameter": 14.0,
        "diameter_bucket": "12-24 in"
      }
    },
    {
      "type": "Feature",
      "geometry": {
        "type": "Point",
        "coordinates": [
          -122.69327044023608,
          45.55851079627958
        ]
      },
      "properties": {
        "id": 468,
        "species": "Cherry",
        "condition": "Excellent",
        "neighborhood": "St. Johns",
        "address": "1467 Portland Ave",
        "diameter": 4.0,
        "diameter_bucket": "<6 in"
      }
    },
    {
      "type": "Feature",
      "geometry": {
        "type": "Point",
        "coordinates": [
          -122.69778337372689,
          45.56065001268514
        ]
      },
      "properties": {
        "id": 469,
        "species": "Douglas Fir",
        "condition": "Good",
        "neighborhood": "St. Johns",
        "address": "1468 Portland Ave",
        "diameter": 18.0,
        "diameter_bucket": "12-24 in"
      }
    },
    {
      "type": "Feature",
      "geometry": {
        "type": "Point",
        "coordinates": [
          -122.59288042958819,
          45.520068961646125
        ]
      },
      "properties": {
        "id": 470,
        "species": "Red Oak",
        "condition": "Fair",
        "neighborhood": "Montavilla",
        "address": "1469 Portland Ave",
        "diameter": null,
        "diameter_bucket": "Unknown"
      }
    },
    {
      "type": "Feature",
      "geometry": {
        "type": "Point",
        "coordinates": [
          -122.66463236323281,
          45.51169419518871
        ]
      },
      "properties": {
        "id": 471,
        "species": "Cherry",
        "condition": "Poor",
        "neighborhood": "Downtown",
        "address": "1470 Portland Ave",
        "diameter": 4.0,
        "diameter_bucket": "<6 in"
      }
    },
    {
      "type": "Feature",
      "geometry": {
        "type": "Point",
        "coordinates": [
          -122.67360989550025,
          45.512890493103676
        ]
      },
      "properties": {
        "id": 472,
        "species": "Dogwood",
        "condition": "Poor",
        "neighborhood": "Downtown",
        "address": "1471 Portland Ave",
        "diameter": null,
        "diameter_bucket": "Unknown"
      }
    },
    {
      "type": "Feature",
      "geometry": {
        "type": "Point",
        "coordinates": [
          -122.6412339085233,
          45.520630057068786
        ]
      },
      "properties": {
        "id": 473,
        "species": "Douglas Fir",
        "condition": "Excellent",
        "neighborhood": "Buckman",
        "address": "1472 Portland Ave",
        "diameter": 24.0,
        "diameter_bucket": "24+ in"
      }
    },
    {
      "type": "Feature",
      "geometry": {
        "type": "Point",
        "coordinates": [
          -122.65702983262051,
          45.46947822698647
        ]
      },
      "properties": {
        "id": 474,
        "species": "Douglas Fir",
        "condition": "Excellent",
        "neighborhood": "Sellwood",
        "address": "1473 Portland Ave",
        "diameter": 14.0,
        "diameter_bucket": "12-24 in"
      }
    },
    {
      "type": "Feature",
      "geometry": {
        "type": "Point",
        "coordinates": [
          -122.63454610393028,
          45.523660316412624
        ]
      },
      "properties": {
        "id": 475,
        "species": "Red Oak",
        "condition": "Poor",
        "neighborhood": "Buckman",
        "address": "1474 Portland Ave",
        "diameter": 30.0,
        "diameter_bucket": "24+ in"
      }
    },
    {
      "type": "Feature",
      "geometry": {
        "type": "Point",
        "coordinates": [
          -122.65644787629023,
          45.46434463446248
        ]
      },
      "properties": {
        "id": 476,
        "species": "Cherry",
        "condition": "Fair",
        "neighborhood": "Sellwood",
        "address": "1475 Portland Ave",
        "diameter": 14.0,
        "diameter_bucket": "12-24 in"
      }
    },
    {
      "type": "Feature",
      "geometry": {
        "type": "Point",
        "coordinates": [
          -122.66746930694823,
          45.51706975853313
        ]
      },
      "properties": {
        "id": 477,
        "species": "Western Red Cedar",
        "condition": "Excellent",
        "neighborhood": "Downtown",
        "address": "1476 Portland Ave",
        "diameter": 10.0,
        "diameter_bucket": "6-12 in"
      }
    },
    {
      "type": "Feature",
      "geometry": {
        "type": "Point",
        "coordinates": [
          -122.64543988643942,
          45.51054400498588
        ]
      },
      "properties": {
        "id": 478,
        "species": "Western Red Cedar",
        "condition": "Fair",
        "neighborhood": "Buckman",
        "address": "1477 Portland Ave",
        "diameter": 24.0,
        "diameter_bucket": "24+ in"
      }
    },
    {
      "type": "Feature",
      "geometry": {
        "type": "Point",
        "coordinates": [
          -122.65118132205336,
          45.52781238085603
        ]
      },
      "properties": {
        "id": 479,
        "species": "Western Red Cedar",
        "condition": "Excellent",
        "neighborhood": "Buckman",
        "address": "1478 Portland Ave",
        "diameter": 14.0,
        "diameter_bucket": "12-24 in"
      }
    },
    {
      "type": "Feature",
      "geometry": {
        "type": "Point",
        "coordinates": [
          -122.5917690410437,
          45.51519444362612
        ]
      },
      "properties": {
        "id": 480,
        "species": "Red Oak",
        "condition": "Fair",
        "neighborhood": "Montavilla",
        "address": "1479 Portland Ave",
        "diameter": 14.0,
        "diameter_bucket": "12-24 in"
      }
    },
    {
      "type": "Feature",
      "geometry": {
        "type": "Point",
        "coordinates": [
          -122.64470409841007,
          45.52035201127625
        ]
      },
      "properties": {
        "id": 481,
        "species": "Red Oak",
        "condition": "Fair",
        "neighborhood": "Buckman",
        "address": "1480 Portland Ave",
        "diameter": 14.0,
        "diameter_bucket": "12-24 in"
      }
    },
    {
      "type": "Feature",
      "geometry": {
        "type": "Point",
        "coordinates": [
          -122.64732343308819,
          45.47774868514849
        ]
      },
      "properties": {
        "id": 482,
        "species": "Red Oak",
        "condition": "Excellent",
        "neighborhood": "Sellwood",
        "address": "1481 Portland Ave",
        "diameter": 24.0,
        "diameter_bucket": "24+ in"
      }
    },
    {
      "type": "Feature",
      "geometry": {
        "type": "Point",
        "coordinates": [
          -122.64571843192313,
          45.478007898018674
        ]
      },
      "properties": {
        "id": 483,
        "species": "Western Red Cedar",
        "condition": "Fair",
        "neighborhood": "Sellwood",
        "address": "1482 Portland Ave",
        "diameter": 14.0,
        "diameter_bucket": "12-24 in"
      }
    },
    {
      "type": "Feature",
      "geometry": {
        "type": "Point",
        "coordinates": [
          -122.67988056329447,
          45.50941919565486
        ]
      },
      "properties": {
        "id": 484,
        "species": "Douglas Fir",
        "condition": "Excellent",
        "neighborhood": "Lair Hill",
        "address": "1483 Portland Ave",
        "diameter": null,
        "diameter_bucket": "Unknown"
      }
    },
    {
      "type": "Feature",
      "geometry": {
        "type": "Point",
        "coordinates": [
          -122.59335055414932,
          45.51069243891169
        ]
      },
      "properties": {
        "id": 485,
        "species": "Red Oak",
        "condition": "Good",
        "neighborhood": "Montavilla",
        "address": "1484 Portland Ave",
        "diameter": 7.0,
        "diameter_bucket": "6-12 in"
      }
    },
    {
      "type": "Feature",
      "geometry": {
        "type": "Point",
        "coordinates": [
          -122.64459608615897,
          45.51123574746606
        ]
      },
      "properties": {
        "id": 486,
        "species": "Dogwood",
        "condition": "Fair",
        "neighborhood": "Buckman",
        "address": "1485 Portland Ave",
        "diameter": 7.0,
        "diameter_bucket": "6-12 in"
      }
    },
    {
      "type": "Feature",
      "geometry": {
        "type": "Point",
        "coordinates": [
          -122.68157923139603,
          45.499500264154335
        ]
      },
      "properties": {
        "id": 487,
        "species": "Douglas Fir",
        "condition": "Fair",
        "neighborhood": "Lair Hill",
        "address": "1486 Portland Ave",
        "diameter": 24.0,
        "diameter_bucket": "24+ in"
      }
    },
    {
      "type": "Feature",
      "geometry": {
        "type": "Point",
        "coordinates": [
          -122.69841346817786,
          45.56656744068334
        ]
      },
      "properties": {
        "id": 488,
        "species": "Cherry",
        "condition": "Excellent",
        "neighborhood": "St. Johns",
        "address": "1487 Portland Ave",
        "diameter": null,
        "diameter_bucket": "Unknown"
      }
    },
    {
      "type": "Feature",
      "geometry": {
        "type": "Point",
        "coordinates": [
          -122.65787907131354,
          45.47837853678022
        ]
      },
      "properties": {
        "id": 489,
        "species": "Red Oak",
        "condition": "Excellent",
        "neighborhood": "Sellwood",
        "address": "1488 Portland Ave",
        "diameter": 10.0,
        "diameter_bucket": "6-12 in"
      }
    },
    {
      "type": "Feature",
      "geometry": {
        "type": "Point",
        "coordinates": [
          -122.63901842739254,
          45.552685636288714
        ]
      },
      "properties": {
        "id": 490,
        "species": "Bigleaf Maple",
        "condition": "Poor",
        "neighborhood": "Alberta Arts",
        "address": "1489 Portland Ave",
        "diameter": null,
        "diameter_bucket": "Unknown"
      }
    },
    {
      "type": "Feature",
      "geometry": {
        "type": "Point",
        "coordinates": [
          -122.67671675100372,
          45.50692813627772
        ]
      },
      "properties": {
        "id": 491,
        "species": "Western Red Cedar",
        "condition": "Excellent",
        "neighborhood": "Lair Hill",
        "address": "1490 Portland Ave",
        "diameter": 14.0,
        "diameter_bucket": "12-24 in"
      }
    },
    {
      "type": "Feature",
      "geometry": {
        "type": "Point",
        "coordinates": [
          -122.66038463614063,
          45.50311334456029
        ]
      },
      "properties": {
        "id": 492,
        "species": "Western Red Cedar",
        "condition": "Excellent",
        "neighborhood": "Lair Hill",
        "address": "1491 Portland Ave",
        "diameter": 7.0,
        "diameter_bucket": "6-12 in"
      }
    },
    {
      "type": "Feature",
      "geometry": {
        "type": "Point",
        "coordinates": [
          -122.68898761488637,
          45.544627284207884
        ]
      },
      "properties": {
        "id": 493,
        "species": "Red Oak",
        "condition": "Good",
        "neighborhood": "Northwest",
        "address": "1492 Portland Ave",
        "diameter": 4.0,
        "diameter_bucket": "<6 in"
      }
    },
    {
      "type": "Feature",
      "geometry": {
        "type": "Point",
        "coordinates": [
          -122.66808034642777,
          45.49199518344467
        ]
      },
      "properties": {
        "id": 494,
        "species": "Bigleaf Maple",
        "condition": "Fair",
        "neighborhood": "Lair Hill",
        "address": "1493 Portland Ave",
        "diameter": 4.0,
        "diameter_bucket": "<6 in"
      }
    },
    {
      "type": "Feature",
      "geometry": {
        "type": "Point",
        "coordinates": [
          -122.66267440013598,
          45.493217148123996
        ]
      },
      "properties": {
        "id": 495,
        "species": "Bigleaf Maple",
        "condition": "Poor",
        "neighborhood": "Lair Hill",
        "address": "1494 Portland Ave",
        "diameter": 30.0,
        "diameter_bucket": "24+ in"
      }
    },
    {
      "type": "Feature",
      "geometry": {
        "type": "Point",
        "coordinates": [
          -122.64378068219169,
          45.460988115607044
        ]
      },
      "properties": {
        "id": 496,
        "species": "Bigleaf Maple",
        "condition": "Excellent",
        "neighborhood": "Sellwood",
        "address": "1495 Portland Ave",
        "diameter": 24.0,
        "diameter_bucket": "24+ in"
      }
    },
    {
      "type": "Feature",
      "geometry": {
        "type": "Point",
        "coordinates": [
          -122.70741062296801,
          45.581707798468685
        ]
      },
      "properties": {
        "id": 497,
        "species": "Cherry",
        "condition": "Excellent",
        "neighborhood": "St. Johns",
        "address": "1496 Portland Ave",
        "diameter": 4.0,
        "diameter_bucket": "<6 in"
      }
    },
    {
      "type": "Feature",
      "geometry": {
        "type": "Point",
        "coordinates": [
          -122.64079940724729,
          45.47033934329524
        ]
      },
      "properties": {
        "id": 498,
        "species": "Bigleaf Maple",
        "condition": "Poor",
        "neighborhood": "Sellwood",
        "address": "1497 Portland Ave",
        "diameter": 24.0,
        "diameter_bucket": "24+ in"
      }
    },
    {
      "type": "Feature",
      "geometry": {
        "type": "Point",
        "coordinates": [
          -122.64825140400937,
          45.506242768946635
        ]
      },
      "properties": {
        "id": 499,
        "species": "Douglas Fir",
        "condition": "Excellent",
        "neighborhood": "Buckman",
        "address": "1498 Portland Ave",
        "diameter": 24.0,
        "diameter_bucket": "24+ in"
      }
    },
    {
      "type": "Feature",
      "geometry": {
        "type": "Point",
        "coordinates": [
          -122.65157213812826,
          45.46695755492642
        ]
      },
      "properties": {
        "id": 500,
        "species": "Western Red Cedar",
        "condition": "Good",
        "neighborhood": "Sellwood",
        "address": "1499 Portland Ave",
        "diameter": 24.0,
        "diameter_bucket": "24+ in"
      }
    },
    {
      "type": "Feature",
      "geometry": {
        "type": "Point",
        "coordinates": [
          -122.6773120580053,
          45.503285993090635
        ]
      },
      "properties": {
        "id": 501,
        "species": "Dogwood",
        "condition": "Poor",
        "neighborhood": "Lair Hill",
        "address": "1500 Portland Ave",
        "diameter": 4.0,
        "diameter_bucket": "<6 in"
      }
    },
    {
      "type": "Feature",
      "geometry": {
        "type": "Point",
        "coordinates": [
          -122.62631216729092,
          45.562639378685816
        ]
      },
      "properties": {
        "id": 502,
        "species": "Dogwood",
        "condition": "Poor",
        "neighborhood": "Alberta Arts",
        "address": "1501 Portland Ave",
        "diameter": 18.0,
        "diameter_bucket": "12-24 in"
      }
    },
    {
      "type": "Feature",
      "geometry": {
        "type": "Point",
        "coordinates": [
          -122.64191743959059,
          45.469359735810094
        ]
      },
      "properties": {
        "id": 503,
        "species": "Douglas Fir",
        "condition": "Fair",
        "neighborhood": "Sellwood",
        "address": "1502 Portland Ave",
        "diameter": 4.0,
        "diameter_bucket": "<6 in"
      }
    },
    {
      "type": "Feature",
      "geometry": {
        "type": "Point",
        "coordinates": [
          -122.69757926664815,
          45.56039497709072
        ]
      },
      "properties": {
        "id": 504,
        "species": "Red Oak",
        "condition": "Good",
        "neighborhood": "St. Johns",
        "address": "1503 Portland Ave",
        "diameter": 14.0,
        "diameter_bucket": "12-24 in"
      }
    },
    {
      "type": "Feature",
      "geometry": {
        "type": "Point",
        "coordinates": [
          -122.60484210617477,
          45.518158118184644
        ]
      },
      "properties": {
        "id": 505,
        "species": "Bigleaf Maple",
        "condition": "Good",
        "neighborhood": "Montavilla",
        "address": "1504 Portland Ave",
        "diameter": 7.0,
        "diameter_bucket": "6-12 in"
      }
    },
    {
      "type": "Feature",
      "geometry": {
        "type": "Point",
        "coordinates": [
          -122.68358147265519,
          45.52413851851854
        ]
      },
      "properties": {
        "id": 506,
        "species": "Douglas Fir",
        "condition": "Fair",
        "neighborhood": "Downtown",
        "address": "1505 Portland Ave",
        "diameter": 24.0,
        "diameter_bucket": "24+ in"
      }
    },
    {
      "type": "Feature",
      "geometry": {
        "type": "Point",
        "coordinates": [
          -122.63109995453279,
          45.52566857961013
        ]
      },
      "properties": {
        "id": 507,
        "species": "Douglas Fir",
        "condition": "Excellent",
        "neighborhood": "Buckman",
        "address": "1506 Portland Ave",
        "diameter": 24.0,
        "diameter_bucket": "24+ in"
      }
    },
    {
      "type": "Feature",
      "geometry": {
        "type": "Point",
        "coordinates": [
          -122.66286396423001,
          45.49609736901206
        ]
      },
      "properties": {
        "id": 508,
        "species": "Douglas Fir",
        "condition": "Fair",
        "neighborhood": "Lair Hill",
        "address": "1507 Portland Ave",
        "diameter": 30.0,
        "diameter_bucket": "24+ in"
      }
    },
    {
      "type": "Feature",
      "geometry": {
        "type": "Point",
        "coordinates": [
          -122.69804437883434,
          45.563090220688075
        ]
      },
      "properties": {
        "id": 509,
        "species": "Bigleaf Maple",
        "condition": "Excellent",
        "neighborhood": "St. Johns",
        "address": "1508 Portland Ave",
        "diameter": 4.0,
        "diameter_bucket": "<6 in"
      }
    },
    {
      "type": "Feature",
      "geometry": {
        "type": "Point",
        "coordinates": [
          -122.68807225047316,
          45.544562041588804
        ]
      },
      "properties": {
        "id": 510,
        "species": "Dogwood",
        "condition": "Fair",
        "neighborhood": "Northwest",
        "address": "1509 Portland Ave",
        "diameter": 4.0,
        "diameter_bucket": "<6 in"
      }
    },
    {
      "type": "Feature",
      "geometry": {
        "type": "Point",
        "coordinates": [
          -122.67366174264424,
          45.49904082614947
        ]
      },
      "properties": {
        "id": 511,
        "species": "Cherry",
        "condition": "Good",
        "neighborhood": "Lair Hill",
        "address": "1510 Portland Ave",
        "diameter": 4.0,
        "diameter_bucket": "<6 in"
      }
    },
    {
      "type": "Feature",
      "geometry": {
        "type": "Point",
        "coordinates": [
          -122.62247765849224,
          45.54749836503189
        ]
      },
      "properties": {
        "id": 512,
        "species": "Douglas Fir",
        "condition": "Good",
        "neighborhood": "Alberta Arts",
        "address": "1511 Portland Ave",
        "diameter": 24.0,
        "diameter_bucket": "24+ in"
      }
    },
    {
      "type": "Feature",
      "geometry": {
        "type": "Point",
        "coordinates": [
          -122.6732853656454,
          45.493325090126845
        ]
      },
      "properties": {
        "id": 513,
        "species": "Red Oak",
        "condition": "Fair",
        "neighborhood": "Lair Hill",
        "address": "1512 Portland Ave",
        "diameter": null,
        "diameter_bucket": "Unknown"
      }
    },
    {
      "type": "Feature",
      "geometry": {
        "type": "Point",
        "coordinates": [
          -122.66452009192287,
          45.509052275223056
        ]
      },
      "properties": {
        "id": 514,
        "species": "Cherry",
        "condition": "Fair",
        "neighborhood": "Lair Hill",
        "address": "1513 Portland Ave",
        "diameter": 10.0,
        "diameter_bucket": "6-12 in"
      }
    },
    {
      "type": "Feature",
      "geometry": {
        "type": "Point",
        "coordinates": [
          -122.6315433229797,
          45.55378158266933
        ]
      },
      "properties": {
        "id": 515,
        "species": "Cherry",
        "condition": "Good",
        "neighborhood": "Alberta Arts",
        "address": "1514 Portland Ave",
        "diameter": 10.0,
        "diameter_bucket": "6-12 in"
      }
    },
    {
      "type": "Feature",
      "geometry": {
        "type": "Point",
        "coordinates": [
          -122.65015778995333,
          45.473186560728
        ]
      },
      "properties": {
        "id": 516,
        "species": "Cherry",
        "condition": "Good",
        "neighborhood": "Sellwood",
        "address": "1515 Portland Ave",
        "diameter": 4.0,
        "diameter_bucket": "<6 in"
      }
    },
    {
      "type": "Feature",
      "geometry": {
        "type": "Point",
        "coordinates": [
          -122.66584782433026,
          45.50593232313697
        ]
      },
      "properties": {
        "id": 517,
        "species": "Bigleaf Maple",
        "condition": "Poor",
        "neighborhood": "Lair Hill",
        "address": "1516 Portland Ave",
        "diameter": 10.0,
        "diameter_bucket": "6-12 in"
      }
    },
    {
      "type": "Feature",
      "geometry": {
        "type": "Point",
        "coordinates": [
          -122.58312424476095,
          45.52073520609256
        ]
      },
      "properties": {
        "id": 518,
        "species": "Red Oak",
        "condition": "Excellent",
        "neighborhood": "Montavilla",
        "address": "1517 Portland Ave",
        "diameter": 7.0,
        "diameter_bucket": "6-12 in"
      }
    },
    {
      "type": "Feature",
      "geometry": {
        "type": "Point",
        "coordinates": [
          -122.6517737846136,
          45.52738407449353
        ]
      },
      "properties": {
        "id": 519,
        "species": "Red Oak",
        "condition": "Good",
        "neighborhood": "Buckman",
        "address": "1518 Portland Ave",
        "diameter": 24.0,
        "diameter_bucket": "24+ in"
      }
    },
    {
      "type": "Feature",
      "geometry": {
        "type": "Point",
        "coordinates": [
          -122.69885250085304,
          45.54323129765428
        ]
      },
      "properties": {
        "id": 520,
        "species": "Cherry",
        "condition": "Excellent",
        "neighborhood": "Northwest",
        "address": "1519 Portland Ave",
        "diameter": 30.0,
        "diameter_bucket": "24+ in"
      }
    },
    {
      "type": "Feature",
      "geometry": {
        "type": "Point",
        "coordinates": [
          -122.6485315743596,
          45.472211881789896
        ]
      },
      "properties": {
        "id": 521,
        "species": "Cherry",
        "condition": "Fair",
        "neighborhood": "Sellwood",
        "address": "1520 Portland Ave",
        "diameter": 4.0,
        "diameter_bucket": "<6 in"
      }
    },
    {
      "type": "Feature",
      "geometry": {
        "type": "Point",
        "coordinates": [
          -122.66844370406459,
          45.49033307131388
        ]
      },
      "properties": {
        "id": 522,
        "species": "Bigleaf Maple",
        "condition": "Excellent",
        "neighborhood": "Lair Hill",
        "address": "1521 Portland Ave",
        "diameter": 10.0,
        "diameter_bucket": "6-12 in"
      }
    },
    {
      "type": "Feature",
      "geometry": {
        "type": "Point",
        "coordinates": [
          -122.66673782692465,
          45.4992964185054
        ]
      },
      "properties": {
        "id": 523,
        "species": "Dogwood",
        "condition": "Excellent",
        "neighborhood": "Lair Hill",
        "address": "1522 Portland Ave",
        "diameter": 4.0,
        "diameter_bucket": "<6 in"
      }
    },
    {
      "type": "Feature",
      "geometry": {
        "type": "Point",
        "coordinates": [
          -122.6618516515278,
          45.4583493621013
        ]
      },
      "properties": {
        "id": 524,
        "species": "Cherry",
        "condition": "Good",
        "neighborhood": "Sellwood",
        "address": "1523 Portland Ave",
        "diameter": 30.0,
        "diameter_bucket": "24+ in"
      }
    },
    {
      "type": "Feature",
      "geometry": {
        "type": "Point",
        "coordinates": [
          -122.67205062713496,
          45.51539554865788
        ]
      },
      "properties": {
        "id": 525,
        "species": "Douglas Fir",
        "condition": "Excellent",
        "neighborhood": "Downtown",
        "address": "1524 Portland Ave",
        "diameter": 24.0,
        "diameter_bucket": "24+ in"
      }
    },
    {
      "type": "Feature",
      "geometry": {
        "type": "Point",
        "coordinates": [
          -122.71514413928698,
          45.580973747298486
        ]
      },
      "properties": {
        "id": 526,
        "species": "Douglas Fir",
        "condition": "Good",
        "neighborhood": "St. Johns",
        "address": "1525 Portland Ave",
        "diameter": 7.0,
        "diameter_bucket": "6-12 in"
      }
    },
    {
      "type": "Feature",
      "geometry": {
        "type": "Point",
        "coordinates": [
          -122.63913502908981,
          45.563885983856416
        ]
      },
      "properties": {
        "id": 527,
        "species": "Red Oak",
        "condition": "Excellent",
        "neighborhood": "Alberta Arts",
        "address": "1526 Portland Ave",
        "diameter": 4.0,
        "diameter_bucket": "<6 in"
      }
    },
    {
      "type": "Feature",
      "geometry": {
        "type": "Point",
        "coordinates": [
          -122.67370506212899,
          45.49771003110072
        ]
      },
      "properties": {
        "id": 528,
        "species": "Western Red Cedar",
        "condition": "Fair",
        "neighborhood": "Lair Hill",
        "address": "1527 Portland Ave",
        "diameter": 18.0,
        "diameter_bucket": "12-24 in"
      }
    },
    {
      "type": "Feature",
      "geometry": {
        "type": "Point",
        "coordinates": [
          -122.68750621390585,
          45.51891708676007
        ]
      },
      "properties": {
        "id": 529,
        "species": "Cherry",
        "condition": "Fair",
        "neighborhood": "Downtown",
        "address": "1528 Portland Ave",
        "diameter": 24.0,
        "diameter_bucket": "24+ in"
      }
    },
    {
      "type": "Feature",
      "geometry": {
        "type": "Point",
        "coordinates": [
          -122.58602223001505,
          45.52357667374492
        ]
      },
      "properties": {
        "id": 530,
        "species": "Dogwood",
        "condition": "Fair",
        "neighborhood": "Montavilla",
        "address": "1529 Portland Ave",
        "diameter": 30.0,
        "diameter_bucket": "24+ in"
      }
    },
    {
      "type": "Feature",
      "geometry": {
        "type": "Point",
        "coordinates": [
          -122.59694042079752,
          45.50763836631894
        ]
      },
      "properties": {
        "id": 531,
        "species": "Douglas Fir",
        "condition": "Poor",
        "neighborhood": "Montavilla",
        "address": "1530 Portland Ave",
        "diameter": 30.0,
        "diameter_bucket": "24+ in"
      }
    },
    {
      "type": "Feature",
      "geometry": {
        "type": "Point",
        "coordinates": [
          -122.58544566607505,
          45.51929009463961
        ]
      },
      "properties": {
        "id": 532,
        "species": "Dogwood",
        "condition": "Excellent",
        "neighborhood": "Montavilla",
        "address": "1531 Portland Ave",
        "diameter": 14.0,
        "diameter_bucket": "12-24 in"
      }
    },
    {
      "type": "Feature",
      "geometry": {
        "type": "Point",
        "coordinates": [
          -122.62198007243092,
          45.56364796542124
        ]
      },
      "properties": {
        "id": 533,
        "species": "Douglas Fir",
        "condition": "Good",
        "neighborhood": "Alberta Arts",
        "address": "1532 Portland Ave",
        "diameter": 7.0,
        "diameter_bucket": "6-12 in"
      }
    },
    {
      "type": "Feature",
      "geometry": {
        "type": "Point",
        "coordinates": [
          -122.69118478351228,
          45.54543337577954
        ]
      },
      "properties": {
        "id": 534,
        "species": "Dogwood",
        "condition": "Excellent",
        "neighborhood": "Northwest",
        "address": "1533 Portland Ave",
        "diameter": 30.0,
        "diameter_bucket": "24+ in"
      }
    },
    {
      "type": "Feature",
      "geometry": {
        "type": "Point",
        "coordinates": [
          -122.65388176562507,
          45.47323642335765
        ]
      },
      "properties": {
        "id": 535,
        "species": "Dogwood",
        "condition": "Fair",
        "neighborhood": "Sellwood",
        "address": "1534 Portland Ave",
        "diameter": null,
        "diameter_bucket": "Unknown"
      }
    },
    {
      "type": "Feature",
      "geometry": {
        "type": "Point",
        "coordinates": [
          -122.67296412542103,
          45.522463283588806
        ]
      },
      "properties": {
        "id": 536,
        "species": "Cherry",
        "condition": "Fair",
        "neighborhood": "Downtown",
        "address": "1535 Portland Ave",
        "diameter": 30.0,
        "diameter_bucket": "24+ in"
      }
    },
    {
      "type": "Feature",
      "geometry": {
        "type": "Point",
        "coordinates": [
          -122.66450711546958,
          45.5052997795277
        ]
      },
      "properties": {
        "id": 537,
        "species": "Cherry",
        "condition": "Fair",
        "neighborhood": "Lair Hill",
        "address": "1536 Portland Ave",
        "diameter": 7.0,
        "diameter_bucket": "6-12 in"
      }
    },
    {
      "type": "Feature",
      "geometry": {
        "type": "Point",
        "coordinates": [
          -122.60060617114077,
          45.52342235848777
        ]
      },
      "properties": {
        "id": 538,
        "species": "Dogwood",
        "condition": "Fair",
        "neighborhood": "Montavilla",
        "address": "1537 Portland Ave",
        "diameter": 7.0,
        "diameter_bucket": "6-12 in"
      }
    },
    {
      "type": "Feature",
      "geometry": {
        "type": "Point",
        "coordinates": [
          -122.66513067032129,
          45.507674741318084
        ]
      },
      "properties": {
        "id": 539,
        "species": "Red Oak",
        "condition": "Poor",
        "neighborhood": "Lair Hill",
        "address": "1538 Portland Ave",
        "diameter": 24.0,
        "diameter_bucket": "24+ in"
      }
    },
    {
      "type": "Feature",
      "geometry": {
        "type": "Point",
        "coordinates": [
          -122.6930141302093,
          45.57169693140171
        ]
      },
      "properties": {
        "id": 540,
        "species": "Bigleaf Maple",
        "condition": "Fair",
        "neighborhood": "St. Johns",
        "address": "1539 Portland Ave",
        "diameter": 14.0,
        "diameter_bucket": "12-24 in"
      }
    },
    {
      "type": "Feature",
      "geometry": {
        "type": "Point",
        "coordinates": [
          -122.64627258705967,
          45.52352047229393
        ]
      },
      "properties": {
        "id": 541,
        "species": "Douglas Fir",
        "condition": "Good",
        "neighborhood": "Buckman",
        "address": "1540 Portland Ave",
        "diameter": null,
        "diameter_bucket": "Unknown"
      }
    },
    {
      "type": "Feature",
      "geometry": {
        "type": "Point",
        "coordinates": [
          -122.63214134898381,
          45.51937262087119
        ]
      },
      "properties": {
        "id": 542,
        "species": "Dogwood",
        "condition": "Excellent",
        "neighborhood": "Buckman",
        "address": "1541 Portland Ave",
        "diameter": 24.0,
        "diameter_bucket": "24+ in"
      }
    },
    {
      "type": "Feature",
      "geometry": {
        "type": "Point",
        "coordinates": [
          -122.58627325472514,
          45.5086823094783
        ]
      },
      "properties": {
        "id": 543,
        "species": "Cherry",
        "condition": "Excellent",
        "neighborhood": "Montavilla",
        "address": "1542 Portland Ave",
        "diameter": 30.0,
        "diameter_bucket": "24+ in"
      }
    },
    {
      "type": "Feature",
      "geometry": {
        "type": "Point",
        "coordinates": [
          -122.6429964746649,
          45.52086292223659
        ]
      },
      "properties": {
        "id": 544,
        "species": "Red Oak",
        "condition": "Fair",
        "neighborhood": "Buckman",
        "address": "1543 Portland Ave",
        "diameter": 18.0,
        "diameter_bucket": "12-24 in"
      }
    },
    {
      "type": "Feature",
      "geometry": {
        "type": "Point",
        "coordinates": [
          -122.71039967273553,
          45.57389371009255
        ]
      },
      "properties": {
        "id": 545,
        "species": "Red Oak",
        "condition": "Poor",
        "neighborhood": "St. Johns",
        "address": "1544 Portland Ave",
        "diameter": 7.0,
        "diameter_bucket": "6-12 in"
      }
    },
    {
      "type": "Feature",
      "geometry": {
        "type": "Point",
        "coordinates": [
          -122.69946370354921,
          45.573231250312034
        ]
      },
      "properties": {
        "id": 546,
        "species": "Douglas Fir",
        "condition": "Good",
        "neighborhood": "St. Johns",
        "address": "1545 Portland Ave",
        "diameter": 4.0,
        "diameter_bucket": "<6 in"
      }
    },
    {
      "type": "Feature",
      "geometry": {
        "type": "Point",
        "coordinates": [
          -122.63950334990139,
          45.51280621030726
        ]
      },
      "properties": {
        "id": 547,
        "species": "Douglas Fir",
        "condition": "Fair",
        "neighborhood": "Buckman",
        "address": "1546 Portland Ave",
        "diameter": 24.0,
        "diameter_bucket": "24+ in"
      }
    },
    {
      "type": "Feature",
      "geometry": {
        "type": "Point",
        "coordinates": [
          -122.59365118982777,
          45.5060687882932
        ]
      },
      "properties": {
        "id": 548,
        "species": "Bigleaf Maple",
        "condition": "Fair",
        "neighborhood": "Montavilla",
        "address": "1547 Portland Ave",
        "diameter": 4.0,
        "diameter_bucket": "<6 in"
      }
    },
    {
      "type": "Feature",
      "geometry": {
        "type": "Point",
        "coordinates": [
          -122.63892815668441,
          45.51135695541826
        ]
      },
      "properties": {
        "id": 549,
        "species": "Red Oak",
        "condition": "Fair",
        "neighborhood": "Buckman",
        "address": "1548 Portland Ave",
        "diameter": 14.0,
        "diameter_bucket": "12-24 in"
      }
    },
    {
      "type": "Feature",
      "geometry": {
        "type": "Point",
        "coordinates": [
          -122.63730811103729,
          45.56701939215149
        ]
      },
      "properties": {
        "id": 550,
        "species": "Dogwood",
        "condition": "Poor",
        "neighborhood": "Alberta Arts",
        "address": "1549 Portland Ave",
        "diameter": 7.0,
        "diameter_bucket": "6-12 in"
      }
    },
    {
      "type": "Feature",
      "geometry": {
        "type": "Point",
        "coordinates": [
          -122.66049917475122,
          45.48857921107229
        ]
      },
      "properties": {
        "id": 551,
        "species": "Red Oak",
        "condition": "Fair",
        "neighborhood": "Lair Hill",
        "address": "1550 Portland Ave",
        "diameter": 4.0,
        "diameter_bucket": "<6 in"
      }
    },
    {
      "type": "Feature",
      "geometry": {
        "type": "Point",
        "coordinates": [
          -122.71599794017447,
          45.56701743353018
        ]
      },
      "properties": {
        "id": 552,
        "species": "Red Oak",
        "condition": "Poor",
        "neighborhood": "St. Johns",
        "address": "1551 Portland Ave",
        "diameter": 30.0,
        "diameter_bucket": "24+ in"
      }
    },
    {
      "type": "Feature",
      "geometry": {
        "type": "Point",
        "coordinates": [
          -122.63025142630642,
          45.55545646039938
        ]
      },
      "properties": {
        "id": 553,
        "species": "Western Red Cedar",
        "condition": "Good",
        "neighborhood": "Alberta Arts",
        "address": "1552 Portland Ave",
        "diameter": 14.0,
        "diameter_bucket": "12-24 in"
      }
    },
    {
      "type": "Feature",
      "geometry": {
        "type": "Point",
        "coordinates": [
          -122.65962490212988,
          45.45832054941636
        ]
      },
      "properties": {
        "id": 554,
        "species": "Bigleaf Maple",
        "condition": "Excellent",
        "neighborhood": "Sellwood",
        "address": "1553 Portland Ave",
        "diameter": null,
        "diameter_bucket": "Unknown"
      }
    },
    {
      "type": "Feature",
      "geometry": {
        "type": "Point",
        "coordinates": [
          -122.59704690769375,
          45.509438233529174
        ]
      },
      "properties": {
        "id": 555,
        "species": "Dogwood",
        "condition": "Excellent",
        "neighborhood": "Montavilla",
        "address": "1554 Portland Ave",
        "diameter": 7.0,
        "diameter_bucket": "6-12 in"
      }
    },
    {
      "type": "Feature",
      "geometry": {
        "type": "Point",
        "coordinates": [
          -122.70017731901892,
          45.58044141044537
        ]
      },
      "properties": {
        "id": 556,
        "species": "Cherry",
        "condition": "Poor",
        "neighborhood": "St. Johns",
        "address": "1555 Portland Ave",
        "diameter": null,
        "diameter_bucket": "Unknown"
      }
    },
    {
      "type": "Feature",
      "geometry": {
        "type": "Point",
        "coordinates": [
          -122.64144389652057,
          45.52536845041485
        ]
      },
      "properties": {
        "id": 557,
        "species": "Cherry",
        "condition": "Good",
        "neighborhood": "Buckman",
        "address": "1556 Portland Ave",
        "diameter": 4.0,
        "diameter_bucket": "<6 in"
      }
    },
    {
      "type": "Feature",
      "geometry": {
        "type": "Point",
        "coordinates": [
          -122.67385973801463,
          45.50327075610166
        ]
      },
      "properties": {
        "id": 558,
        "species": "Bigleaf Maple",
        "condition": "Fair",
        "neighborhood": "Lair Hill",
        "address": "1557 Portland Ave",
        "diameter": 24.0,
        "diameter_bucket": "24+ in"
      }
    },
    {
      "type": "Feature",
      "geometry": {
        "type": "Point",
        "coordinates": [
          -122.60416513930141,
          45.51847707834123
        ]
      },
      "properties": {
        "id": 559,
        "species": "Douglas Fir",
        "condition": "Excellent",
        "neighborhood": "Montavilla",
        "address": "1558 Portland Ave",
        "diameter": 4.0,
        "diameter_bucket": "<6 in"
      }
    },
    {
      "type": "Feature",
      "geometry": {
        "type": "Point",
        "coordinates": [
          -122.68964431010127,
          45.53712663426785
        ]
      },
      "properties": {
        "id": 560,
        "species": "Douglas Fir",
        "condition": "Poor",
        "neighborhood": "Northwest",
        "address": "1559 Portland Ave",
        "diameter": 4.0,
        "diameter_bucket": "<6 in"
      }
    },
    {
      "type": "Feature",
      "geometry": {
        "type": "Point",
        "coordinates": [
          -122.67191300495928,
          45.50256543332379
        ]
      },
      "properties": {
        "id": 561,
        "species": "Bigleaf Maple",
        "condition": "Poor",
        "neighborhood": "Lair Hill",
        "address": "1560 Portland Ave",
        "diameter": 10.0,
        "diameter_bucket": "6-12 in"
      }
    },
    {
      "type": "Feature",
      "geometry": {
        "type": "Point",
        "coordinates": [
          -122.58607361508133,
          45.519604386755844
        ]
      },
      "properties": {
        "id": 562,
        "species": "Douglas Fir",
        "condition": "Fair",
        "neighborhood": "Montavilla",
        "address": "1561 Portland Ave",
        "diameter": 24.0,
        "diameter_bucket": "24+ in"
      }
    },
    {
      "type": "Feature",
      "geometry": {
        "type": "Point",
        "coordinates": [
          -122.68335536953458,
          45.49793725925367
        ]
      },
      "properties": {
        "id": 563,
        "species": "Western Red Cedar",
        "condition": "Fair",
        "neighborhood": "Lair Hill",
        "address": "1562 Portland Ave",
        "diameter": 18.0,
        "diameter_bucket": "12-24 in"
      }
    },
    {
      "type": "Feature",
      "geometry": {
        "type": "Point",
        "coordinates": [
          -122.70387942636061,
          45.53271297301955
        ]
      },
      "properties": {
        "id": 564,
        "species": "Red Oak",
        "condition": "Poor",
        "neighborhood": "Northwest",
        "address": "1563 Portland Ave",
        "diameter": 30.0,
        "diameter_bucket": "24+ in"
      }
    },
    {
      "type": "Feature",
      "geometry": {
        "type": "Point",
        "coordinates": [
          -122.68253546061514,
          45.51846432408771
        ]
      },
      "properties": {
        "id": 565,
        "species": "Cherry",
        "condition": "Poor",
        "neighborhood": "Downtown",
        "address": "1564 Portland Ave",
        "diameter": 18.0,
        "diameter_bucket": "12-24 in"
      }
    },
    {
      "type": "Feature",
      "geometry": {
        "type": "Point",
        "coordinates": [
          -122.63824942662582,
          45.551848175608825
        ]
      },
      "properties": {
        "id": 566,
        "species": "Western Red Cedar",
        "condition": "Fair",
        "neighborhood": "Alberta Arts",
        "address": "1565 Portland Ave",
        "diameter": null,
        "diameter_bucket": "Unknown"
      }
    },
    {
      "type": "Feature",
      "geometry": {
        "type": "Point",
        "coordinates": [
          -122.71360920386927,
          45.57503698657461
        ]
      },
      "properties": {
        "id": 567,
        "species": "Red Oak",
        "condition": "Good",
        "neighborhood": "St. Johns",
        "address": "1566 Portland Ave",
        "diameter": null,
        "diameter_bucket": "Unknown"
      }
    },
    {
      "type": "Feature",
      "geometry": {
        "type": "Point",
        "coordinates": [
          -122.68829576274162,
          45.52860222944872
        ]
      },
      "properties": {
        "id": 568,
        "species": "Bigleaf Maple",
        "condition": "Poor",
        "neighborhood": "Downtown",
        "address": "1567 Portland Ave",
        "diameter": 24.0,
        "diameter_bucket": "24+ in"
      }
    },
    {
      "type": "Feature",
      "geometry": {
        "type": "Point",
        "coordinates": [
          -122.6693938769509,
          45.517665369824115
        ]
      },
      "properties": {
        "id": 569,
        "species": "Red Oak",
        "condition": "Good",
        "neighborhood": "Downtown",
        "address": "1568 Portland Ave",
        "diameter": 14.0,
        "diameter_bucket": "12-24 in"
      }
    },
    {
      "type": "Feature",
      "geometry": {
        "type": "Point",
        "coordinates": [
          -122.69953262458237,
          45.56774411236075
        ]
      },
      "properties": {
        "id": 570,
        "species": "Douglas Fir",
        "condition": "Good",
        "neighborhood": "St. Johns",
        "address": "1569 Portland Ave",
        "diameter": 4.0,
        "diameter_bucket": "<6 in"
      }
    },
    {
      "type": "Feature",
      "geometry": {
        "type": "Point",
        "coordinates": [
          -122.63665743503729,
          45.5144092985734
        ]
      },
      "properties": {
        "id": 571,
        "species": "Bigleaf Maple",
        "condition": "Good",
        "neighborhood": "Buckman",
        "address": "1570 Portland Ave",
        "diameter": 7.0,
        "diameter_bucket": "6-12 in"
      }
    },
    {
      "type": "Feature",
      "geometry": {
        "type": "Point",
        "coordinates": [
          -122.69486243694044,
          45.56232397485033
        ]
      },
      "properties": {
        "id": 572,
        "species": "Western Red Cedar",
        "condition": "Good",
        "neighborhood": "St. Johns",
        "address": "1571 Portland Ave",
        "diameter": null,
        "diameter_bucket": "Unknown"
      }
    },
    {
      "type": "Feature",
      "geometry": {
        "type": "Point",
        "coordinates": [
          -122.6673009964677,
          45.50167244357832
        ]
      },
      "properties": {
        "id": 573,
        "species": "Red Oak",
        "condition": "Good",
        "neighborhood": "Lair Hill",
        "address": "1572 Portland Ave",
        "diameter": 10.0,
        "diameter_bucket": "6-12 in"
      }
    },
    {
      "type": "Feature",
      "geometry": {
        "type": "Point",
        "coordinates": [
          -122.63483246090289,
          45.52266109620056
        ]
      },
      "properties": {
        "id": 574,
        "species": "Western Red Cedar",
        "condition": "Excellent",
        "neighborhood": "Buckman",
        "address": "1573 Portland Ave",
        "diameter": null,
        "diameter_bucket": "Unknown"
      }
    },
    {
      "type": "Feature",
      "geometry": {
        "type": "Point",
        "coordinates": [
          -122.70780323381109,
          45.53003905567841
        ]
      },
      "properties": {
        "id": 575,
        "species": "Bigleaf Maple",
        "condition": "Poor",
        "neighborhood": "Northwest",
        "address": "1574 Portland Ave",
        "diameter": 14.0,
        "diameter_bucket": "12-24 in"
      }
    },
    {
      "type": "Feature",
      "geometry": {
        "type": "Point",
        "coordinates": [
          -122.6288822458948,
          45.563949037177416
        ]
      },
      "properties": {
        "id": 576,
        "species": "Cherry",
        "condition": "Good",
        "neighborhood": "Alberta Arts",
        "address": "1575 Portland Ave",
        "diameter": 4.0,
        "diameter_bucket": "<6 in"
      }
    },
    {
      "type": "Feature",
      "geometry": {
        "type": "Point",
        "coordinates": [
          -122.63193295035727,
          45.505002157716774
        ]
      },
      "properties": {
        "id": 577,
        "species": "Red Oak",
        "condition": "Good",
        "neighborhood": "Buckman",
        "address": "1576 Portland Ave",
        "diameter": 24.0,
        "diameter_bucket": "24+ in"
      }
    },
    {
      "type": "Feature",
      "geometry": {
        "type": "Point",
        "coordinates": [
          -122.64580704718988,
          45.51142959897135
        ]
      },
      "properties": {
        "id": 578,
        "species": "Western Red Cedar",
        "condition": "Good",
        "neighborhood": "Buckman",
        "address": "1577 Portland Ave",
        "diameter": 10.0,
        "diameter_bucket": "6-12 in"
      }
    },
    {
      "type": "Feature",
      "geometry": {
        "type": "Point",
        "coordinates": [
          -122.68270938378674,
          45.49489602833525
        ]
      },
      "properties": {
        "id": 579,
        "species": "Cherry",
        "condition": "Good",
        "neighborhood": "Lair Hill",
        "address": "1578 Portland Ave",
        "diameter": 18.0,
        "diameter_bucket": "12-24 in"
      }
    },
    {
      "type": "Feature",
      "geometry": {
        "type": "Point",
        "coordinates": [
          -122.66683938304897,
          45.50121589348538
        ]
      },
      "properties": {
        "id": 580,
        "species": "Douglas Fir",
        "condition": "Poor",
        "neighborhood": "Lair Hill",
        "address": "1579 Portland Ave",
        "diameter": 10.0,
        "diameter_bucket": "6-12 in"
      }
    },
    {
      "type": "Feature",
      "geometry": {
        "type": "Point",
        "coordinates": [
          -122.63570623605227,
          45.514316604018184
        ]
      },
      "properties": {
        "id": 581,
        "species": "Bigleaf Maple",
        "condition": "Excellent",
        "neighborhood": "Buckman",
        "address": "1580 Portland Ave",
        "diameter": 24.0,
        "diameter_bucket": "24+ in"
      }
    },
    {
      "type": "Feature",
      "geometry": {
        "type": "Point",
        "coordinates": [
          -122.70494860345194,
          45.54097986155569
        ]
      },
      "properties": {
        "id": 582,
        "species": "Dogwood",
        "condition": "Excellent",
        "neighborhood": "Northwest",
        "address": "1581 Portland Ave",
        "diameter": 18.0,
        "diameter_bucket": "12-24 in"
      }
    },
    {
      "type": "Feature",
      "geometry": {
        "type": "Point",
        "coordinates": [
          -122.69899114731882,
          45.56635076523145
        ]
      },
      "properties": {
        "id": 583,
        "species": "Cherry",
        "condition": "Excellent",
        "neighborhood": "St. Johns",
        "address": "1582 Portland Ave",
        "diameter": 14.0,
        "diameter_bucket": "12-24 in"
      }
    },
    {
      "type": "Feature",
      "geometry": {
        "type": "Point",
        "coordinates": [
          -122.70972913546602,
          45.564719972109316
        ]
      },
      "properties": {
        "id": 584,
        "species": "Western Red Cedar",
        "condition": "Excellent",
        "neighborhood": "St. Johns",
        "address": "1583 Portland Ave",
        "diameter": 14.0,
        "diameter_bucket": "12-24 in"
      }
    },
    {
      "type": "Feature",
      "geometry": {
        "type": "Point",
        "coordinates": [
          -122.63357342793469,
          45.51529093645892
        ]
      },
      "properties": {
        "id": 585,
        "species": "Douglas Fir",
        "condition": "Fair",
        "neighborhood": "Buckman",
        "address": "1584 Portland Ave",
        "diameter": 4.0,
        "diameter_bucket": "<6 in"
      }
    },
    {
      "type": "Feature",
      "geometry": {
        "type": "Point",
        "coordinates": [
          -122.70173683478932,
          45.548416510117285
        ]
      },
      "properties": {
        "id": 586,
        "species": "Douglas Fir",
        "condition": "Fair",
        "neighborhood": "Northwest",
        "address": "1585 Portland Ave",
        "diameter": 4.0,
        "diameter_bucket": "<6 in"
      }
    },
    {
      "type": "Feature",
      "geometry": {
        "type": "Point",
        "coordinates": [
          -122.64120903191309,
          45.5119952452809
        ]
      },
      "properties": {
        "id": 587,
        "species": "Douglas Fir",
        "condition": "Fair",
        "neighborhood": "Buckman",
        "address": "1586 Portland Ave",
        "diameter": 24.0,
        "diameter_bucket": "24+ in"
      }
    },
    {
      "type": "Feature",
      "geometry": {
        "type": "Point",
        "coordinates": [
          -122.63203136492403,
          45.50663155742664
        ]
      },
      "properties": {
        "id": 588,
        "species": "Bigleaf Maple",
        "condition": "Poor",
        "neighborhood": "Buckman",
        "address": "1587 Portland Ave",
        "diameter": 7.0,
        "diameter_bucket": "6-12 in"
      }
    },
    {
      "type": "Feature",
      "geometry": {
        "type": "Point",
        "coordinates": [
          -122.6957057021749,
          45.54411173902059
        ]
      },
      "properties": {
        "id": 589,
        "species": "Cherry",
        "condition": "Excellent",
        "neighborhood": "Northwest",
        "address": "1588 Portland Ave",
        "diameter": 4.0,
        "diameter_bucket": "<6 in"
      }
    },
    {
      "type": "Feature",
      "geometry": {
        "type": "Point",
        "coordinates": [
          -122.68616655711895,
          45.52342075421439
        ]
      },
      "properties": {
        "id": 590,
        "species": "Dogwood",
        "condition": "Good",
        "neighborhood": "Downtown",
        "address": "1589 Portland Ave",
        "diameter": 30.0,
        "diameter_bucket": "24+ in"
      }
    },
    {
      "type": "Feature",
      "geometry": {
        "type": "Point",
        "coordinates": [
          -122.64703702747885,
          45.45862959885145
        ]
      },
      "properties": {
        "id": 591,
        "species": "Dogwood",
        "condition": "Good",
        "neighborhood": "Sellwood",
        "address": "1590 Portland Ave",
        "diameter": 24.0,
        "diameter_bucket": "24+ in"
      }
    },
    {
      "type": "Feature",
      "geometry": {
        "type": "Point",
        "coordinates": [
          -122.64983914083273,
          45.51990589999107
        ]
      },
      "properties": {
        "id": 592,
        "species": "Bigleaf Maple",
        "condition": "Poor",
        "neighborhood": "Buckman",
        "address": "1591 Portland Ave",
        "diameter": 18.0,
        "diameter_bucket": "12-24 in"
      }
    },
    {
      "type": "Feature",
      "geometry": {
        "type": "Point",
        "coordinates": [
          -122.64944314923065,
          45.510270743267654
        ]
      },
      "properties": {
        "id": 593,
        "species": "Douglas Fir",
        "condition": "Excellent",
        "neighborhood": "Buckman",
        "address": "1592 Portland Ave",
        "diameter": 10.0,
        "diameter_bucket": "6-12 in"
      }
    },
    {
      "type": "Feature",
      "geometry": {
        "type": "Point",
        "coordinates": [
          -122.70401491812748,
          45.56449125883627
        ]
      },
      "properties": {
        "id": 594,
        "species": "Red Oak",
        "condition": "Poor",
        "neighborhood": "St. Johns",
        "address": "1593 Portland Ave",
        "diameter": 14.0,
        "diameter_bucket": "12-24 in"
      }
    },
    {
      "type": "Feature",
      "geometry": {
        "type": "Point",
        "coordinates": [
          -122.65099048206089,
          45.51764097807445
        ]
      },
      "properties": {
        "id": 595,
        "species": "Red Oak",
        "condition": "Fair",
        "neighborhood": "Buckman",
        "address": "1594 Portland Ave",
        "diameter": 14.0,
        "diameter_bucket": "12-24 in"
      }
    },
    {
      "type": "Feature",
      "geometry": {
        "type": "Point",
        "coordinates": [
          -122.6346170009396,
          45.556689243594754
        ]
      },
      "properties": {
        "id": 596,
        "species": "Douglas Fir",
        "condition": "Good",
        "neighborhood": "Alberta Arts",
        "address": "1595 Portland Ave",
        "diameter": 14.0,
        "diameter_bucket": "12-24 in"
      }
    },
    {
      "type": "Feature",
      "geometry": {
        "type": "Point",
        "coordinates": [
          -122.68736050008768,
          45.52556267330153
        ]
      },
      "properties": {
        "id": 597,
        "species": "Cherry",
        "condition": "Good",
        "neighborhood": "Northwest",
        "address": "1596 Portland Ave",
        "diameter": 14.0,
        "diameter_bucket": "12-24 in"
      }
    },
    {
      "type": "Feature",
      "geometry": {
        "type": "Point",
        "coordinates": [
          -122.70631223085384,
          45.54320100889884
        ]
      },
      "properties": {
        "id": 598,
        "species": "Red Oak",
        "condition": "Excellent",
        "neighborhood": "Northwest",
        "address": "1597 Portland Ave",
        "diameter": 30.0,
        "diameter_bucket": "24+ in"
      }
    },
    {
      "type": "Feature",
      "geometry": {
        "type": "Point",
        "coordinates": [
          -122.60436930812145,
          45.51498179343667
        ]
      },
      "properties": {
        "id": 599,
        "species": "Western Red Cedar",
        "condition": "Excellent",
        "neighborhood": "Montavilla",
        "address": "1598 Portland Ave",
        "diameter": 7.0,
        "diameter_bucket": "6-12 in"
      }
    },
    {
      "type": "Feature",
      "geometry": {
        "type": "Point",
        "coordinates": [
          -122.66921294353456,
          45.49111402927224
        ]
      },
      "properties": {
        "id": 600,
        "species": "Western Red Cedar",
        "condition": "Excellent",
        "neighborhood": "Lair Hill",
        "address": "1599 Portland Ave",
        "diameter": 14.0,
        "diameter_bucket": "12-24 in"
      }
    },
    {
      "type": "Feature",
      "geometry": {
        "type": "Point",
        "coordinates": [
          -122.68640915648375,
          45.539580270839444
        ]
      },
      "properties": {
        "id": 601,
        "species": "Bigleaf Maple",
        "condition": "Good",
        "neighborhood": "Northwest",
        "address": "1600 Portland Ave",
        "diameter": 10.0,
        "diameter_bucket": "6-12 in"
      }
    },
    {
      "type": "Feature",
      "geometry": {
        "type": "Point",
        "coordinates": [
          -122.6200467779471,
          45.55520972628903
        ]
      },
      "properties": {
        "id": 602,
        "species": "Cherry",
        "condition": "Good",
        "neighborhood": "Alberta Arts",
        "address": "1601 Portland Ave",
        "diameter": 4.0,
        "diameter_bucket": "<6 in"
      }
    },
    {
      "type": "Feature",
      "geometry": {
        "type": "Point",
        "coordinates": [
          -122.65461272475959,
          45.47936739835705
        ]
      },
      "properties": {
        "id": 603,
        "species": "Cherry",
        "condition": "Excellent",
        "neighborhood": "Sellwood",
        "address": "1602 Portland Ave",
        "diameter": 7.0,
        "diameter_bucket": "6-12 in"
      }
    },
    {
      "type": "Feature",
      "geometry": {
        "type": "Point",
        "coordinates": [
          -122.67122642063877,
          45.48905355603703
        ]
      },
      "properties": {
        "id": 604,
        "species": "Douglas Fir",
        "condition": "Good",
        "neighborhood": "Lair Hill",
        "address": "1603 Portland Ave",
        "diameter": 24.0,
        "diameter_bucket": "24+ in"
      }
    },
    {
      "type": "Feature",
      "geometry": {
        "type": "Point",
        "coordinates": [
          -122.62980243512041,
          45.50888972464767
        ]
      },
      "properties": {
        "id": 605,
        "species": "Dogwood",
        "condition": "Fair",
        "neighborhood": "Buckman",
        "address": "1604 Portland Ave",
        "diameter": 7.0,
        "diameter_bucket": "6-12 in"
      }
    },
    {
      "type": "Feature",
      "geometry": {
        "type": "Point",
        "coordinates": [
          -122.67698654537719,
          45.53009813524736
        ]
      },
      "properties": {
        "id": 606,
        "species": "Cherry",
        "condition": "Fair",
        "neighborhood": "Downtown",
        "address": "1605 Portland Ave",
        "diameter": 7.0,
        "diameter_bucket": "6-12 in"
      }
    },
    {
      "type": "Feature",
      "geometry": {
        "type": "Point",
        "coordinates": [
          -122.69499626528317,
          45.52997693430185
        ]
      },
      "properties": {
        "id": 607,
        "species": "Red Oak",
        "condition": "Poor",
        "neighborhood": "Northwest",
        "address": "1606 Portland Ave",
        "diameter": 7.0,
        "diameter_bucket": "6-12 in"
      }
    },
    {
      "type": "Feature",
      "geometry": {
        "type": "Point",
        "coordinates": [
          -122.64521974570172,
          45.47078665681402
        ]
      },
      "properties": {
        "id": 608,
        "species": "Cherry",
        "condition": "Poor",
        "neighborhood": "Sellwood",
        "address": "1607 Portland Ave",
        "diameter": 10.0,
        "diameter_bucket": "6-12 in"
      }
    },
    {
      "type": "Feature",
      "geometry": {
        "type": "Point",
        "coordinates": [
          -122.61700881404228,
          45.56688229662663
        ]
      },
      "properties": {
        "id": 609,
        "species": "Bigleaf Maple",
        "condition": "Poor",
        "neighborhood": "Alberta Arts",
        "address": "1608 Portland Ave",
        "diameter": 10.0,
        "diameter_bucket": "6-12 in"
      }
    },
    {
      "type": "Feature",
      "geometry": {
        "type": "Point",
        "coordinates": [
          -122.59164570651333,
          45.50925979354832
        ]
      },
      "properties": {
        "id": 610,
        "species": "Western Red Cedar",
        "condition": "Fair",
        "neighborhood": "Montavilla",
        "address": "1609 Portland Ave",
        "diameter": 7.0,
        "diameter_bucket": "6-12 in"
      }
    },
    {
      "type": "Feature",
      "geometry": {
        "type": "Point",
        "coordinates": [
          -122.6911004956718,
          45.548443039450014
        ]
      },
      "properties": {
        "id": 611,
        "species": "Red Oak",
        "condition": "Good",
        "neighborhood": "Northwest",
        "address": "1610 Portland Ave",
        "diameter": 14.0,
        "diameter_bucket": "12-24 in"
      }
    },
    {
      "type": "Feature",
      "geometry": {
        "type": "Point",
        "coordinates": [
          -122.6700214615637,
          45.4996030180677
        ]
      },
      "properties": {
        "id": 612,
        "species": "Cherry",
        "condition": "Excellent",
        "neighborhood": "Lair Hill",
        "address": "1611 Portland Ave",
        "diameter": 30.0,
        "diameter_bucket": "24+ in"
      }
    },
    {
      "type": "Feature",
      "geometry": {
        "type": "Point",
        "coordinates": [
          -122.59061145172586,
          45.51904752057077
        ]
      },
      "properties": {
        "id": 613,
        "species": "Red Oak",
        "condition": "Poor",
        "neighborhood": "Montavilla",
        "address": "1612 Portland Ave",
        "diameter": 30.0,
        "diameter_bucket": "24+ in"
      }
    },
    {
      "type": "Feature",
      "geometry": {
        "type": "Point",
        "coordinates": [
          -122.69387357953138,
          45.53068032891496
        ]
      },
      "properties": {
        "id": 614,
        "species": "Red Oak",
        "condition": "Poor",
        "neighborhood": "Northwest",
        "address": "1613 Portland Ave",
        "diameter": 18.0,
        "diameter_bucket": "12-24 in"
      }
    },
    {
      "type": "Feature",
      "geometry": {
        "type": "Point",
        "coordinates": [
          -122.67400808530753,
          45.5183112847845
        ]
      },
      "properties": {
        "id": 615,
        "species": "Bigleaf Maple",
        "condition": "Poor",
        "neighborhood": "Downtown",
        "address": "1614 Portland Ave",
        "diameter": 30.0,
        "diameter_bucket": "24+ in"
      }
    },
    {
      "type": "Feature",
      "geometry": {
        "type": "Point",
        "coordinates": [
          -122.59602038345113,
          45.51451417171349
        ]
      },
      "properties": {
        "id": 616,
        "species": "Red Oak",
        "condition": "Good",
        "neighborhood": "Montavilla",
        "address": "1615 Portland Ave",
        "diameter": 7.0,
        "diameter_bucket": "6-12 in"
      }
    },
    {
      "type": "Feature",
      "geometry": {
        "type": "Point",
        "coordinates": [
          -122.6533174665655,
          45.466252899547435
        ]
      },
      "properties": {
        "id": 617,
        "species": "Bigleaf Maple",
        "condition": "Fair",
        "neighborhood": "Sellwood",
        "address": "1616 Portland Ave",
        "diameter": 24.0,
        "diameter_bucket": "24+ in"
      }
    },
    {
      "type": "Feature",
      "geometry": {
        "type": "Point",
        "coordinates": [
          -122.70550506942847,
          45.549019063413915
        ]
      },
      "properties": {
        "id": 618,
        "species": "Cherry",
        "condition": "Poor",
        "neighborhood": "Northwest",
        "address": "1617 Portland Ave",
        "diameter": 14.0,
        "diameter_bucket": "12-24 in"
      }
    },
    {
      "type": "Feature",
      "geometry": {
        "type": "Point",
        "coordinates": [
          -122.69494845240565,
          45.53039173521095
        ]
      },
      "properties": {
        "id": 619,
        "species": "Cherry",
        "condition": "Good",
        "neighborhood": "Northwest",
        "address": "1618 Portland Ave",
        "diameter": 30.0,
        "diameter_bucket": "24+ in"
      }
    },
    {
      "type": "Feature",
      "geometry": {
        "type": "Point",
        "coordinates": [
          -122.63587830000596,
          45.554983867995325
        ]
      },
      "properties": {
        "id": 620,
        "species": "Douglas Fir",
        "condition": "Good",
        "neighborhood": "Alberta Arts",
        "address": "1619 Portland Ave",
        "diameter": 24.0,
        "diameter_bucket": "24+ in"
      }
    },
    {
      "type": "Feature",
      "geometry": {
        "type": "Point",
        "coordinates": [
          -122.5993561590393,
          45.50740564051265
        ]
      },
      "properties": {
        "id": 621,
        "species": "Western Red Cedar",
        "condition": "Good",
        "neighborhood": "Montavilla",
        "address": "1620 Portland Ave",
        "diameter": 10.0,
        "diameter_bucket": "6-12 in"
      }
    },
    {
      "type": "Feature",
      "geometry": {
        "type": "Point",
        "coordinates": [
          -122.60699153765675,
          45.51265263939066
        ]
      },
      "properties": {
        "id": 622,
        "species": "Douglas Fir",
        "condition": "Excellent",
        "neighborhood": "Montavilla",
        "address": "1621 Portland Ave",
        "diameter": 14.0,
        "diameter_bucket": "12-24 in"
      }
    },
    {
      "type": "Feature",
      "geometry": {
        "type": "Point",
        "coordinates": [
          -122.701228398159,
          45.571566235865845
        ]
      },
      "properties": {
        "id": 623,
        "species": "Dogwood",
        "condition": "Fair",
        "neighborhood": "St. Johns",
        "address": "1622 Portland Ave",
        "diameter": 7.0,
        "diameter_bucket": "6-12 in"
      }
    },
    {
      "type": "Feature",
      "geometry": {
        "type": "Point",
        "coordinates": [
          -122.5889201299142,
          45.503240784751526
        ]
      },
      "properties": {
        "id": 624,
        "species": "Red Oak",
        "condition": "Poor",
        "neighborhood": "Montavilla",
        "address": "1623 Portland Ave",
        "diameter": 7.0,
        "diameter_bucket": "6-12 in"
      }
    },
    {
      "type": "Feature",
      "geometry": {
        "type": "Point",
        "coordinates": [
          -122.64151173043922,
          45.467458329951704
        ]
      },
      "properties": {
        "id": 625,
        "species": "Red Oak",
        "condition": "Fair",
        "neighborhood": "Sellwood",
        "address": "1624 Portland Ave",
        "diameter": 30.0,
        "diameter_bucket": "24+ in"
      }
    },
    {
      "type": "Feature",
      "geometry": {
        "type": "Point",
        "coordinates": [
          -122.67654520157099,
          45.53287246826671
        ]
      },
      "properties": {
        "id": 626,
        "species": "Red Oak",
        "condition": "Excellent",
        "neighborhood": "Downtown",
        "address": "1625 Portland Ave",
        "diameter": 4.0,
        "diameter_bucket": "<6 in"
      }
    },
    {
      "type": "Feature",
      "geometry": {
        "type": "Point",
        "coordinates": [
          -122.69925439274706,
          45.5385779137809
        ]
      },
      "properties": {
        "id": 627,
        "species": "Western Red Cedar",
        "condition": "Good",
        "neighborhood": "Northwest",
        "address": "1626 Portland Ave",
        "diameter": null,
        "diameter_bucket": "Unknown"
      }
    },
    {
      "type": "Feature",
      "geometry": {
        "type": "Point",
        "coordinates": [
          -122.67692068282301,
          45.53385745171163
        ]
      },
      "properties": {
        "id": 628,
        "species": "Bigleaf Maple",
        "condition": "Fair",
        "neighborhood": "Downtown",
        "address": "1627 Portland Ave",
        "diameter": 10.0,
        "diameter_bucket": "6-12 in"
      }
    },
    {
      "type": "Feature",
      "geometry": {
        "type": "Point",
        "coordinates": [
          -122.6696576119945,
          45.49960115347827
        ]
      },
      "properties": {
        "id": 629,
        "species": "Bigleaf Maple",
        "condition": "Poor",
        "neighborhood": "Lair Hill",
        "address": "1628 Portland Ave",
        "diameter": 10.0,
        "diameter_bucket": "6-12 in"
      }
    },
    {
      "type": "Feature",
      "geometry": {
        "type": "Point",
        "coordinates": [
          -122.6336982763485,
          45.56205509235187
        ]
      },
      "properties": {
        "id": 630,
        "species": "Western Red Cedar",
        "condition": "Excellent",
        "neighborhood": "Alberta Arts",
        "address": "1629 Portland Ave",
        "diameter": 30.0,
        "diameter_bucket": "24+ in"
      }
    },
    {
      "type": "Feature",
      "geometry": {
        "type": "Point",
        "coordinates": [
          -122.58768231225908,
          45.515571170702756
        ]
      },
      "properties": {
        "id": 631,
        "species": "Dogwood",
        "condition": "Poor",
        "neighborhood": "Montavilla",
        "address": "1630 Portland Ave",
        "diameter": null,
        "diameter_bucket": "Unknown"
      }
    },
    {
      "type": "Feature",
      "geometry": {
        "type": "Point",
        "coordinates": [
          -122.6578404656665,
          45.47338042619875
        ]
      },
      "properties": {
        "id": 632,
        "species": "Douglas Fir",
        "condition": "Poor",
        "neighborhood": "Sellwood",
        "address": "1631 Portland Ave",
        "diameter": 4.0,
        "diameter_bucket": "<6 in"
      }
    },
    {
      "type": "Feature",
      "geometry": {
        "type": "Point",
        "coordinates": [
          -122.65968117466284,
          45.47824932314275
        ]
      },
      "properties": {
        "id": 633,
        "species": "Bigleaf Maple",
        "condition": "Good",
        "neighborhood": "Sellwood",
        "address": "1632 Portland Ave",
        "diameter": 18.0,
        "diameter_bucket": "12-24 in"
      }
    },
    {
      "type": "Feature",
      "geometry": {
        "type": "Point",
        "coordinates": [
          -122.63021787928578,
          45.52035378872966
        ]
      },
      "properties": {
        "id": 634,
        "species": "Western Red Cedar",
        "condition": "Fair",
        "neighborhood": "Buckman",
        "address": "1633 Portland Ave",
        "diameter": 30.0,
        "diameter_bucket": "24+ in"
      }
    },
    {
      "type": "Feature",
      "geometry": {
        "type": "Point",
        "coordinates": [
          -122.66000849718947,
          45.47989101772789
        ]
      },
      "properties": {
        "id": 635,
        "species": "Red Oak",
        "condition": "Poor",
        "neighborhood": "Sellwood",
        "address": "1634 Portland Ave",
        "diameter": 14.0,
        "diameter_bucket": "12-24 in"
      }
    },
    {
      "type": "Feature",
      "geometry": {
        "type": "Point",
        "coordinates": [
          -122.65482615308015,
          45.479073136694126
        ]
      },
      "properties": {
        "id": 636,
        "species": "Dogwood",
        "condition": "Fair",
        "neighborhood": "Sellwood",
        "address": "1635 Portland Ave",
        "diameter": 24.0,
        "diameter_bucket": "24+ in"
      }
    },
    {
      "type": "Feature",
      "geometry": {
        "type": "Point",
        "coordinates": [
          -122.58796149337942,
          45.50767102343777
        ]
      },
      "properties": {
        "id": 637,
        "species": "Cherry",
        "condition": "Fair",
        "neighborhood": "Montavilla",
        "address": "1636 Portland Ave",
        "diameter": 7.0,
        "diameter_bucket": "6-12 in"
      }
    },
    {
      "type": "Feature",
      "geometry": {
        "type": "Point",
        "coordinates": [
          -122.66855439189966,
          45.507719224734686
        ]
      },
      "properties": {
        "id": 638,
        "species": "Western Red Cedar",
        "condition": "Poor",
        "neighborhood": "Lair Hill",
        "address": "1637 Portland Ave",
        "diameter": 10.0,
        "diameter_bucket": "6-12 in"
      }
    },
    {
      "type": "Feature",
      "geometry": {
        "type": "Point",
        "coordinates": [
          -122.65780630461745,
          45.45785472829677
        ]
      },
      "properties": {
        "id": 639,
        "species": "Western Red Cedar",
        "condition": "Poor",
        "neighborhood": "Sellwood",
        "address": "1638 Portland Ave",
        "diameter": 30.0,
        "diameter_bucket": "24+ in"
      }
    },
    {
      "type": "Feature",
      "geometry": {
        "type": "Point",
        "coordinates": [
          -122.70129420637178,
          45.5318093452081
        ]
      },
      "properties": {
        "id": 640,
        "species": "Cherry",
        "condition": "Fair",
        "neighborhood": "Northwest",
        "address": "1639 Portland Ave",
        "diameter": 7.0,
        "diameter_bucket": "6-12 in"
      }
    }
  ]
}